﻿{
	"forearm_joint": {
		"y": -35.15,
		"x": 0.85
	},
	"driver_hip": {
		"r": 0.5235966450694268,
		"h": 9.1,
		"x": -7.4,
		"y": -18.5,
		"w": 13.1
	},
	"firepoint": {
		"r": 0,
		"x": -29.8,
		"y": -8.65
	},
	"driver_shin": {
		"r": 0.05238118284855052,
		"h": 31.2,
		"x": -1.8,
		"y": -2.7,
		"w": 9.1
	},
	"hip_joint": {
		"y": -15,
		"x": -3
	},
	"arm_joint": {
		"y": -43.65,
		"x": -7.75
	},
	"shin_joint": {
		"y": 10,
		"x": -1
	},
	"top": [],
	"corpse_joint": {
		"y": -23.2,
		"x": -11
	},
	"steer_joint": {
		"y": -30.5,
		"x": 16.05
	},
	"driver_arm": {
		"r": 0.785390440230287,
		"h": 10.1,
		"x": -4.25,
		"y": -39.4,
		"w": 16.1
	},
	"suspend_back": {
		"y": 12,
		"x": -6
	},
	"driver_corpse": {
		"r": 0.274591615779236,
		"h": 30.2,
		"x": -8.35,
		"y": -33.75,
		"w": 14.1
	},
	"suspend_front": {},
	"driver_forearm": {
		"r": 0.19200219668591673,
		"h": 6,
		"x": 8.8,
		"y": -33.35,
		"w": 19.1
	},
	"driver_head": {
		"r": 0.2617948604252963,
		"h": 23.1,
		"x": -1.8,
		"y": -59.5,
		"w": 25.2
	},
	"suspend_back_w": 28.1,
	"points": [{
		"y": 6.75,
		"x": -12.45
	}, {
		"y": -17,
		"x": -40.1
	}, {
		"y": -28.5,
		"x": 23.5
	}, {
		"y": 8.85,
		"x": 15.8
	}],
	"rect": {
		"height": 133.2,
		"x": -69,
		"y": -95,
		"width": 155.2,
		"top": -95,
		"size": {
			"x": 155.2,
			"y": 133.2,
			"length": 204.52207704793142
		},
		"topLeft": {
			"x": -69,
			"y": -95,
			"length": 117.41379816699569
		},
		"bottom": 38.19999999999999,
		"bottomRight": {
			"x": 86.19999999999999,
			"y": 38.19999999999999,
			"length": 94.28509956509563
		},
		"right": 86.19999999999999,
		"left": -69
	},
	"head_joint": {
		"y": -48.5,
		"x": -5.6
	},
	"match16": {
		"x": 400,
		"y": 340
	},
	"match15": {
		"x": 400,
		"y": 140
	},
	"match14": {
		"x": 530,
		"y": 215
	},
	"match12": {
		"x": 610,
		"y": 307
	},
	"match11": {
		"x": 610,
		"y": 123
	},
	"match9": {
		"x": 190,
		"y": 123
	},
	"match10": {
		"x": 190,
		"y": 307
	},
	"match13": {
		"x": 270,
		"y": 215
	},
	"match8": {
		"x": 730,
		"y": 368
	},
	"match7": {
		"x": 730,
		"y": 246
	},
	"match6": {
		"x": 730,
		"y": 184
	},
	"match5": {
		"x": 730,
		"y": 62
	},
	"match4": {
		"x": 70,
		"y": 368
	},
	"match3": {
		"x": 70,
		"y": 246
	},
	"match2": {
		"x": 70,
		"y": 184
	},
	"match1": {
		"x": 70,
		"y": 62
	},
	"a20":{"x":267.65,"y":108},
"a19":{"x":268.4,"y":0},
"a18":{"x":268.4,"y":-108},
"a17":{"x":167.25,"y":108},
"a16":{"x":167.25,"y":0},
"a15":{"x":167.25,"y":-108},
"a14":{"x":66,"y":108},
"a8":{"x":-336,"y":108},
"a7":{"x":-235.5,"y":108},
"a6":{"x":-135,"y":108},
"a5":{"x":-336,"y":0},
"a4":{"x":-235.5,"y":0},
"a3":{"x":-135,"y":0},
"a2":{"x":-336,"y":-108},
"a1":{"x":-235.5,"y":-108},
"a0":{"x":-135,"y":-108},
"a10":{"x":66,"y":0},
"a11":{"x":-34.5,"y":0},
"a12":{"x":-34.5,"y":-108},
"a9":{"x":-34.75,"y":108},
"a13":{"x":66,"y":-108}
}