﻿{"settings":{"star1":6,"star2":4,"levelHeight":480,"hole":3,"star3":2,"theme":4,"levelWidth":800,"par":3},"layers":[null,[{"editor":{"locked":false},"className":"game.objects.shapers::SandShaper","editedParams":{},"params":{"x":0,"rotation":0,"y":407,"vertices":[{"x":0,"y":-30,"length":30},{"x":800,"y":-30,"length":800.5623023850173},{"x":800,"y":75,"length":803.5079339994098},{"x":0,"y":75,"length":75}]}},{"editor":{"locked":false},"className":"game.objects.shapers::GroundShaper","editedParams":{},"params":{"x":-10,"rotation":0,"y":-274,"closed":0,"theme":1,"vertices":[{"x":15,"y":90,"length":91.2414379544733},{"x":805,"y":90,"length":810.0154319517623},{"x":805,"y":100,"length":811.1874012828355},{"x":15,"y":100,"length":101.11874208078342}]}},{"editor":{"locked":false},"className":"game.objects.shapers::GroundShaper","editedParams":{},"params":{"x":0,"rotation":0,"y":280,"closed":0,"theme":1,"vertices":[{"x":-10,"y":-465,"length":465.1075144523038},{"x":5,"y":-465,"length":465.02688094345683},{"x":5,"y":-115,"length":115.10864433221339},{"x":65,"y":-105,"length":123.4908903522847},{"x":65,"y":-100,"length":119.26860441876563},{"x":60,"y":-95,"length":112.36102527122117},{"x":10,"y":-95,"length":95.524865872714},{"x":10,"y":10,"length":14.142135623730951},{"x":90,"y":10,"length":90.55385138137417},{"x":95,"y":15,"length":96.17692030835673},{"x":95,"y":100,"length":137.93114224133723},{"x":-10,"y":100,"length":100.4987562112089}]}},{"editor":{"locked":false},"className":"game.objects.shapers::GroundShaper","editedParams":{},"params":{"x":700,"rotation":0,"y":280,"closed":0,"theme":1,"vertices":[{"x":5,"y":15,"length":15.811388300841896},{"x":10,"y":10,"length":14.142135623730951},{"x":90,"y":10,"length":90.55385138137417},{"x":90,"y":-95,"length":130.86252328302402},{"x":40,"y":-95,"length":103.07764064044152},{"x":35,"y":-100,"length":105.94810050208545},{"x":35,"y":-105,"length":110.67971810589327},{"x":95,"y":-115,"length":149.164338901763},{"x":95,"y":-465,"length":474.60509900337144},{"x":110,"y":-465,"length":477.83365306349026},{"x":110,"y":0,"length":110},{"x":110,"y":100,"length":148.66068747318505},{"x":5,"y":100,"length":100.12492197250393}]}}],[{"editor":{"locked":false},"className":"IncBall","editedParams":{},"params":{"stroke":2,"rotation":0,"y":340,"width":23.4,"x":680,"height":25.35,"id":5}},{"editor":{"locked":false},"className":"IncBall","editedParams":{},"params":{"stroke":1,"rotation":0,"y":340,"width":23.4,"x":520,"height":25.35,"id":4}},{"editor":{"locked":false},"className":"IncBall","editedParams":{},"params":{"stroke":0,"rotation":0,"y":340,"width":23.4,"x":600,"height":25.35,"id":3}},{"editor":{"locked":false},"className":"IncBall","editedParams":{},"params":{"stroke":1,"rotation":0,"y":340,"width":23.4,"x":280,"height":25.35,"id":1}},{"editor":{"locked":false},"className":"IncBall","editedParams":{},"params":{"stroke":0,"rotation":0,"y":340,"width":23.4,"x":200,"height":25.35,"id":0}},{"editor":{"locked":false},"className":"IncBall","editedParams":{},"params":{"stroke":2,"rotation":0,"y":340,"width":23.4,"x":120,"height":25.35,"id":2}}],[{"editor":{"locked":false},"className":"ToggleE","editedParams":{},"params":{"rate":180,"x":15,"rotation":0,"y":237,"width":10,"height":104,"time":2,"id":-1}},{"editor":{"locked":false},"className":"ToggleE","editedParams":{},"params":{"rate":180,"x":785,"rotation":0,"y":237,"width":10,"height":104,"time":2,"id":1}}]]}