{"frameRate":30,"name":"GUI0","version":"5.5","compatibleVersion":"5.5","armature":[{"name":"player","bone":[{"inheritScale":false,"name":"body","transform":{"x":-13.1,"y":-72.35}},{"inheritScale":false,"name":"head","transform":{"x":-16,"y":-175.15}},{"inheritScale":false,"name":"left hand","transform":{"x":38.85,"y":-70.45}},{"inheritScale":false,"name":"left leg","transform":{"x":12.55,"y":-12.3}},{"inheritScale":false,"name":"right leg","transform":{"x":-11.45,"y":-12.3}},{"inheritScale":false,"name":"right hand","transform":{"x":-63.4,"y":-66.2,"skX":15,"skY":15}},{"inheritScale":false,"name":"effects stop","transform":{"x":-16.95,"y":-4.35}},{"inheritScale":false,"name":"tears","transform":{"x":8.1,"y":-165.4,"skX":-30,"skY":-30}}],"slot":[{"name":"body","parent":"body"},{"name":"head","parent":"head"},{"name":"left hand","parent":"left hand"},{"name":"left leg","parent":"left leg"},{"name":"right leg","parent":"right leg"},{"name":"right hand","parent":"right hand"},{"name":"tears","parent":"tears"},{"name":"effects stop","parent":"effects stop"}],"skin":[{"slot":[{"name":"body","display":[{"type":"armature","name":"BodyDB"}]},{"name":"head","display":[{"type":"armature","name":"HeadDB"}]},{"name":"left hand","display":[{"type":"armature","name":"LeftHandDB"}]},{"name":"left leg","display":[{"type":"armature","name":"RightLegDB"}]},{"name":"right leg","display":[{"type":"armature","name":"RightLegDB"}]},{"name":"right hand","display":[{"type":"armature","name":"RightHandDB","transform":{"x":0.05,"y":0.05}}]},{"name":"tears","display":[{"type":"armature","name":"tears_01","transform":{"x":-0.05,"y":0.1}}]},{"name":"effects stop","display":[{"name":"__dbTextures/player/effects stop_43","transform":{"x":0.1,"y":0.3}},{"name":"__dbTextures/player/effects stop_44","transform":{"x":0.05,"y":0.1}},{"name":"__dbTextures/player/effects stop_45","transform":{"x":0.25,"y":0.3}},{"name":"__dbTextures/player/effects stop_46","transform":{"x":0.5,"y":0.1}},{"name":"__dbTextures/player/effects stop_47","transform":{"y":0.1}},{"name":"__dbTextures/player/effects stop_48","transform":{"x":0.35}},{"name":"__dbTextures/player/effects stop_49","transform":{"x":0.45,"y":0.45}}]}]}],"animation":[{"duration":23,"playTimes":0,"name":"idle","bone":[{"name":"body","translateFrame":[{"tweenEasing":0},{"duration":8,"tweenEasing":1},{"duration":10,"tweenEasing":-1,"y":-4.95},{"duration":4,"tweenEasing":-1,"y":1.3}],"scaleFrame":[{"tweenEasing":0},{"duration":8,"tweenEasing":1},{"duration":10,"tweenEasing":-1,"y":1.0566},{"duration":4,"tweenEasing":-1,"y":0.9675}]},{"name":"head","translateFrame":[{"tweenEasing":0},{"duration":8,"tweenEasing":1},{"duration":10,"tweenEasing":-1,"y":-6.2},{"duration":4,"tweenEasing":-1,"x":3.3,"y":2.8}],"rotateFrame":[{"tweenEasing":0},{"duration":8,"tweenEasing":1},{"duration":10,"tweenEasing":-1,"rotate":-4.2},{"duration":4,"tweenEasing":-1,"rotate":2.22}],"scaleFrame":[{"duration":23}]},{"name":"left hand","translateFrame":[{"tweenEasing":0},{"duration":8,"tweenEasing":1},{"duration":10,"tweenEasing":-1,"x":2.4,"y":-3.4},{"duration":4,"tweenEasing":-1,"x":-4.8}],"rotateFrame":[{"tweenEasing":0},{"duration":8,"tweenEasing":1},{"duration":10,"tweenEasing":-1,"rotate":-15},{"duration":4,"tweenEasing":-1,"rotate":15}],"scaleFrame":[{"duration":23}]},{"name":"left leg","scaleFrame":[{"duration":23,"tweenEasing":0}]},{"name":"right leg","scaleFrame":[{"duration":23,"tweenEasing":0}]},{"name":"right hand","translateFrame":[{"duration":9,"tweenEasing":1},{"duration":10,"tweenEasing":-1,"x":-2.4,"y":-3.4},{"duration":4,"tweenEasing":-1,"x":3.2,"y":0.65}],"rotateFrame":[{"duration":9,"tweenEasing":1},{"duration":10,"tweenEasing":-1,"rotate":15},{"duration":4,"tweenEasing":-1,"rotate":-15}],"scaleFrame":[{"duration":23}]}],"slot":[{"name":"left leg","colorFrame":[{"duration":23,"tweenEasing":0,"value":{"rM":85,"gM":85,"bM":85}}]},{"name":"tears","displayFrame":[{"value":-1}]},{"name":"effects stop","displayFrame":[{"value":-1}]}]},{"duration":19,"playTimes":0,"name":"run","bone":[{"name":"body","translateFrame":[{"duration":5,"tweenEasing":1},{"duration":4,"tweenEasing":-1,"y":-27.55},{"duration":5,"tweenEasing":1,"y":5.3},{"duration":4,"tweenEasing":-1,"y":-27.55},{"tweenEasing":0,"y":5.3}],"scaleFrame":[{"duration":19}]},{"name":"head","translateFrame":[{"duration":5,"tweenEasing":1},{"duration":4,"tweenEasing":-1,"x":-0.05,"y":-29.74},{"duration":5,"tweenEasing":1,"x":11.45,"y":15.45},{"duration":4,"tweenEasing":-1,"x":-0.05,"y":-29.74},{"tweenEasing":0,"x":7.1,"y":15.45}],"rotateFrame":[{"duration":5,"tweenEasing":1},{"duration":4,"tweenEasing":-1,"rotate":-9.19},{"duration":5,"tweenEasing":1,"rotate":6.21},{"duration":4,"tweenEasing":-1,"rotate":-9.19},{"tweenEasing":0,"rotate":6.21}],"scaleFrame":[{"duration":19}]},{"name":"left hand","translateFrame":[{"duration":5,"tweenEasing":1},{"duration":4,"tweenEasing":-1,"x":23.9,"y":-27.55},{"duration":5,"tweenEasing":1,"y":5.3},{"duration":4,"tweenEasing":-1,"x":-8.45,"y":-19.3},{"tweenEasing":0,"y":5.3}],"rotateFrame":[{"duration":5,"tweenEasing":1},{"duration":4,"tweenEasing":-1,"rotate":-15},{"duration":5,"tweenEasing":1},{"duration":4,"tweenEasing":-1,"rotate":15},{"tweenEasing":0}],"scaleFrame":[{"duration":19}]},{"name":"left leg","translateFrame":[{"duration":5,"tweenEasing":1},{"duration":4,"tweenEasing":-1,"x":41.33,"y":-27.51},{"duration":5,"tweenEasing":1},{"duration":4,"tweenEasing":-1,"x":-48.55,"y":-25.9},{"tweenEasing":0}],"rotateFrame":[{"duration":5,"tweenEasing":1},{"duration":4,"tweenEasing":-1,"rotate":-30},{"duration":5,"tweenEasing":1},{"duration":4,"tweenEasing":-1,"rotate":45},{"tweenEasing":0}],"scaleFrame":[{"duration":19}]},{"name":"right leg","translateFrame":[{"duration":5,"tweenEasing":1},{"duration":4,"tweenEasing":-1,"x":-31.73,"y":-20.5},{"duration":5,"tweenEasing":1},{"duration":4,"tweenEasing":-1,"x":57.16,"y":-32.93},{"tweenEasing":0}],"rotateFrame":[{"duration":5,"tweenEasing":1},{"duration":4,"tweenEasing":-1,"rotate":45},{"duration":5,"tweenEasing":1},{"duration":4,"tweenEasing":-1,"rotate":-30},{"tweenEasing":0}],"scaleFrame":[{"duration":19}]},{"name":"right hand","translateFrame":[{"duration":5,"tweenEasing":1},{"duration":4,"tweenEasing":-1,"x":-27.55,"y":-25.32},{"duration":5,"tweenEasing":1,"x":-0.04,"y":5.24},{"duration":4,"tweenEasing":-1,"x":17.44,"y":-23.15},{"tweenEasing":0,"x":-0.04,"y":5.24}],"rotateFrame":[{"duration":5,"tweenEasing":1},{"duration":4,"tweenEasing":-1,"rotate":30},{"duration":5,"tweenEasing":1},{"duration":4,"tweenEasing":-1,"rotate":-30},{"tweenEasing":0}],"scaleFrame":[{"duration":19}]}],"slot":[{"name":"left leg","colorFrame":[{"duration":19,"value":{"rM":85,"gM":85,"bM":85}}]},{"name":"tears","displayFrame":[{"value":-1}]},{"name":"effects stop","displayFrame":[{"value":-1}]}]},{"duration":10,"name":"stop","bone":[{"name":"body","translateFrame":[{"duration":7,"tweenEasing":1},{"duration":2,"tweenEasing":0,"x":59.8,"y":-8.3},{"tweenEasing":0}],"rotateFrame":[{"duration":7,"tweenEasing":1},{"duration":2,"tweenEasing":0,"rotate":-5.22},{"tweenEasing":0}],"scaleFrame":[{"duration":10}]},{"name":"head","translateFrame":[{"duration":7,"tweenEasing":1},{"duration":2,"tweenEasing":0,"x":38.21,"y":-7.55},{"tweenEasing":0}],"rotateFrame":[{"duration":7,"tweenEasing":1},{"duration":2,"tweenEasing":0,"rotate":-12.53},{"tweenEasing":0}],"scaleFrame":[{"duration":10}]},{"name":"left hand","translateFrame":[{"duration":7,"tweenEasing":1},{"duration":2,"tweenEasing":0,"x":50.65,"y":-10.2},{"tweenEasing":0}],"rotateFrame":[{"duration":7,"tweenEasing":1},{"duration":2,"tweenEasing":0,"rotate":-5.22},{"tweenEasing":0}],"scaleFrame":[{"duration":10}]},{"name":"left leg","translateFrame":[{"duration":7,"tweenEasing":1},{"duration":2,"tweenEasing":0,"x":89.96,"y":-21.53},{"tweenEasing":0}],"rotateFrame":[{"duration":7,"tweenEasing":1},{"duration":2,"tweenEasing":0,"rotate":-54.22},{"tweenEasing":0}],"scaleFrame":[{"duration":10}]},{"name":"right leg","translateFrame":[{"duration":7,"tweenEasing":1},{"duration":2,"tweenEasing":0,"x":63.01,"y":-8.09},{"tweenEasing":0}],"rotateFrame":[{"duration":7,"tweenEasing":1},{"duration":2,"tweenEasing":0,"rotate":-15},{"tweenEasing":0}],"scaleFrame":[{"duration":10}]},{"name":"right hand","translateFrame":[{"duration":7,"tweenEasing":1},{"tweenEasing":0,"x":41.76,"y":-3.78},{"tweenEasing":0,"x":41.76,"y":-3.78},{"tweenEasing":0}],"rotateFrame":[{"duration":7,"tweenEasing":1},{"tweenEasing":0,"rotate":24.78},{"tweenEasing":0,"rotate":24.78},{"tweenEasing":0}],"scaleFrame":[{"duration":10}]},{"name":"effects stop","translateFrame":[{"tweenEasing":0,"x":16.95,"y":4.35},{"tweenEasing":0},{"tweenEasing":0,"x":50.65,"y":-4.55},{"tweenEasing":0,"x":66.45,"y":-9.45},{"tweenEasing":0,"x":74.15,"y":-12.5},{"tweenEasing":0,"x":78.95,"y":-15.1},{"tweenEasing":0,"x":91.25,"y":-19},{"x":151.9,"y":-25.5},{"duration":2,"tweenEasing":0,"x":16.95,"y":4.35}],"scaleFrame":[{"duration":10}]}],"slot":[{"name":"left leg","colorFrame":[{"duration":10,"value":{"rM":85,"gM":85,"bM":85}}]},{"name":"effects stop","displayFrame":[{"value":-1},{},{"value":1},{"value":2},{"value":3},{"value":4},{"value":5},{"value":6},{"duration":2,"value":-1}]},{"name":"tears","displayFrame":[{"value":-1}]}]},{"duration":6,"name":"jump","bone":[{"name":"body","translateFrame":[{"duration":5,"tweenEasing":0,"x":3.9,"y":-6.4},{"tweenEasing":0,"x":12.75,"y":-57.19}],"scaleFrame":[{"duration":5,"tweenEasing":0,"y":1.0209},{"tweenEasing":0,"y":1.238}]},{"name":"head","translateFrame":[{"duration":5,"tweenEasing":0,"x":11.7,"y":0.6},{"tweenEasing":0,"x":13.25,"y":-74.65}],"rotateFrame":[{"duration":5,"tweenEasing":0,"rotate":1.28,"skew":0.52},{"tweenEasing":0,"rotate":-6.56,"skew":0.01}],"scaleFrame":[{"duration":5,"tweenEasing":0,"x":0.9994,"y":0.948},{"tweenEasing":0,"x":0.9996,"y":0.9981}]},{"name":"left hand","translateFrame":[{"duration":5,"tweenEasing":0,"x":5.29,"y":-2.66},{"tweenEasing":0,"x":30,"y":-43.25}],"rotateFrame":[{"duration":5,"tweenEasing":0,"rotate":9.57,"skew":1.7},{"tweenEasing":0,"rotate":0.26,"skew":0.01}],"scaleFrame":[{"duration":5,"tweenEasing":0,"x":0.996,"y":0.9508},{"tweenEasing":0,"x":0.9999,"y":0.9986}]},{"name":"left leg","translateFrame":[{"duration":5,"tweenEasing":0,"x":3.1,"y":-6.02},{"tweenEasing":0,"x":10.2,"y":-23.44}],"rotateFrame":[{"duration":5,"tweenEasing":0,"rotate":22.33},{"tweenEasing":0,"rotate":73.48}],"scaleFrame":[{"duration":5,"tweenEasing":0,"x":0.9986,"y":0.9117},{"tweenEasing":0,"x":0.9991,"y":0.9965}]},{"name":"right leg","translateFrame":[{"duration":5,"tweenEasing":0,"x":-0.91,"y":-4.03},{"tweenEasing":0,"x":-3,"y":-16.95}],"rotateFrame":[{"duration":5,"tweenEasing":0,"rotate":26.84},{"tweenEasing":0,"rotate":88.23}],"scaleFrame":[{"duration":5,"tweenEasing":0,"x":0.9987,"y":0.9118},{"tweenEasing":0,"x":0.9999,"y":0.9973}]},{"name":"right hand","translateFrame":[{"duration":5,"tweenEasing":0,"x":6.15,"y":-4.75},{"tweenEasing":0,"x":5.21,"y":-45.45}],"rotateFrame":[{"duration":5,"tweenEasing":0,"rotate":-10.7},{"tweenEasing":0,"rotate":-0.44}],"scaleFrame":[{"duration":5,"tweenEasing":0,"x":0.9995,"y":0.9995},{"tweenEasing":0,"x":0.9992,"y":0.9992}]}],"slot":[{"name":"left leg","colorFrame":[{"duration":6,"value":{"rM":85,"gM":85,"bM":85}}]},{"name":"tears","displayFrame":[{"value":-1}]},{"name":"effects stop","displayFrame":[{"value":-1}]}]},{"name":"fly","bone":[{"name":"body","translateFrame":[{"tweenEasing":0,"x":13,"y":-58.69}],"scaleFrame":[{"tweenEasing":0,"y":1.2445}]},{"name":"head","translateFrame":[{"tweenEasing":0,"x":13.31,"y":-76.8}],"rotateFrame":[{"tweenEasing":0,"rotate":-6.96}],"scaleFrame":[{"tweenEasing":0}]},{"name":"left hand","translateFrame":[{"tweenEasing":0,"x":30.75,"y":-44.4}],"scaleFrame":[{"tweenEasing":0}]},{"name":"left leg","translateFrame":[{"tweenEasing":0,"x":10.4,"y":-23.94}],"rotateFrame":[{"tweenEasing":0,"rotate":75}],"scaleFrame":[{"tweenEasing":0}]},{"name":"right leg","translateFrame":[{"tweenEasing":0,"x":-3.1,"y":-17.35}],"rotateFrame":[{"tweenEasing":0,"rotate":88}],"scaleFrame":[{"tweenEasing":0}]},{"name":"right hand","translateFrame":[{"tweenEasing":0,"x":5.1,"y":-46.61}],"scaleFrame":[{"tweenEasing":0}]}],"slot":[{"name":"left leg","colorFrame":[{"tweenEasing":0,"value":{"rM":85,"gM":85,"bM":85}}]},{"name":"tears","displayFrame":[{"value":-1}]},{"name":"effects stop","displayFrame":[{"value":-1}]}]},{"duration":7,"name":"landing","bone":[{"name":"body","translateFrame":[{"duration":4,"tweenEasing":0,"x":15.21,"y":-24.69},{"duration":2,"tweenEasing":0,"y":13.05},{"tweenEasing":0}],"rotateFrame":[{"duration":4,"tweenEasing":0,"rotate":-10.01},{"duration":3}],"scaleFrame":[{"duration":4,"tweenEasing":0,"y":1.2445},{"duration":3}]},{"name":"head","translateFrame":[{"duration":4,"tweenEasing":0,"x":6.3,"y":-29.75},{"duration":2,"tweenEasing":0,"x":10.95,"y":23.9},{"tweenEasing":0}],"rotateFrame":[{"duration":4,"tweenEasing":0,"rotate":-1.97},{"duration":2,"tweenEasing":0,"rotate":5.25},{"tweenEasing":0}],"scaleFrame":[{"duration":7}]},{"name":"left hand","translateFrame":[{"duration":4,"tweenEasing":0,"x":17.45,"y":-43.3},{"duration":2,"tweenEasing":0,"x":-5.55,"y":12.35},{"tweenEasing":0}],"rotateFrame":[{"duration":4,"tweenEasing":0,"rotate":-40.01},{"duration":2,"tweenEasing":0,"rotate":15},{"tweenEasing":0}],"scaleFrame":[{"duration":7}]},{"name":"left leg","translateFrame":[{"duration":4,"tweenEasing":0,"x":50.25,"y":-47.2},{"duration":2,"tweenEasing":0,"x":-0.05,"y":1.65},{"tweenEasing":0}],"rotateFrame":[{"duration":4,"tweenEasing":0,"rotate":4.99,"skew":-0.01},{"duration":3}],"scaleFrame":[{"duration":4,"tweenEasing":0},{"duration":2,"tweenEasing":0,"y":0.8759},{"tweenEasing":0}]},{"name":"right leg","translateFrame":[{"duration":4,"tweenEasing":0,"x":36.8,"y":-12.5},{"duration":2,"tweenEasing":0,"x":0.05,"y":1.65},{"tweenEasing":0}],"rotateFrame":[{"duration":4,"tweenEasing":0,"rotate":19.99},{"duration":3}],"scaleFrame":[{"duration":4,"tweenEasing":0},{"duration":2,"tweenEasing":0,"y":0.8759},{"tweenEasing":0}]},{"name":"right hand","translateFrame":[{"duration":4,"tweenEasing":0,"x":24.51,"y":-4.47},{"duration":2,"tweenEasing":0,"x":6.5,"y":13},{"tweenEasing":0}],"rotateFrame":[{"duration":4,"tweenEasing":0,"rotate":-55.02},{"duration":2,"tweenEasing":0,"rotate":-15},{"tweenEasing":0}],"scaleFrame":[{"duration":7}]}],"slot":[{"name":"left leg","colorFrame":[{"duration":7,"value":{"rM":85,"gM":85,"bM":85}}]},{"name":"tears","displayFrame":[{"value":-1}]},{"name":"effects stop","displayFrame":[{"value":-1}]}]},{"name":"freeze","bone":[{"name":"body","scaleFrame":[{"tweenEasing":0}]},{"name":"head","scaleFrame":[{"tweenEasing":0}]},{"name":"left hand","scaleFrame":[{"tweenEasing":0}]},{"name":"left leg","scaleFrame":[{"tweenEasing":0}]},{"name":"right leg","scaleFrame":[{"tweenEasing":0}]},{"name":"right hand","scaleFrame":[{"tweenEasing":0}]}],"slot":[{"name":"left leg","colorFrame":[{"tweenEasing":0,"value":{"rM":85,"gM":85,"bM":85}}]},{"name":"tears","displayFrame":[{"value":-1}]},{"name":"effects stop","displayFrame":[{"value":-1}]}]},{"duration":14,"name":"sad","bone":[{"name":"body","scaleFrame":[{"duration":14}]},{"name":"head","translateFrame":[{"duration":3,"tweenEasing":0},{"duration":11,"x":41.02,"y":19.92}],"rotateFrame":[{"duration":3,"tweenEasing":0},{"duration":11,"rotate":30}],"scaleFrame":[{"duration":14}]},{"name":"left hand","translateFrame":[{"duration":3,"tweenEasing":0},{"duration":11,"x":0.3,"y":18.9}],"scaleFrame":[{"duration":14}]},{"name":"left leg","scaleFrame":[{"duration":14}]},{"name":"right leg","scaleFrame":[{"duration":14}]},{"name":"right hand","translateFrame":[{"duration":3,"tweenEasing":0},{"duration":11,"y":16.4}],"scaleFrame":[{"duration":14}]},{"name":"tears","translateFrame":[{"duration":3,"tweenEasing":0},{"duration":11,"x":31,"y":30.95}],"rotateFrame":[{"duration":3,"tweenEasing":0},{"duration":11,"rotate":30}],"scaleFrame":[{"duration":14}]}],"slot":[{"name":"left leg","colorFrame":[{"duration":14,"value":{"rM":85,"gM":85,"bM":85}}]},{"name":"effects stop","displayFrame":[{"value":-1}]}]},{"duration":19,"playTimes":0,"name":"happines","frame":[{"duration":18},{}],"bone":[{"name":"body","translateFrame":[{"duration":2,"tweenEasing":0},{"duration":6,"tweenEasing":1,"x":-1.2,"y":12.55},{"duration":8,"tweenEasing":-1,"y":-76},{"duration":2,"tweenEasing":0,"x":-1.2,"y":12.55},{"tweenEasing":0}],"rotateFrame":[{"duration":2,"tweenEasing":0},{"duration":6,"tweenEasing":1,"rotate":4.19},{"duration":8,"tweenEasing":-1},{"duration":2,"tweenEasing":0,"rotate":4.19},{"tweenEasing":0}],"scaleFrame":[{"duration":19}]},{"name":"head","translateFrame":[{"duration":2,"tweenEasing":0},{"duration":6,"tweenEasing":1,"x":15.6,"y":25.31},{"duration":8,"tweenEasing":-1,"x":-19.28,"y":-75.95},{"duration":2,"tweenEasing":0,"x":15.6,"y":25.31},{"tweenEasing":0}],"rotateFrame":[{"duration":2,"tweenEasing":0},{"duration":6,"tweenEasing":1,"rotate":12.65},{"duration":8,"tweenEasing":-1,"rotate":-21.25},{"duration":2,"tweenEasing":0,"rotate":12.65},{"tweenEasing":0}],"scaleFrame":[{"duration":19}]},{"name":"left hand","translateFrame":[{"duration":2,"tweenEasing":0},{"duration":6,"tweenEasing":1,"x":1.8,"y":16},{"duration":8,"tweenEasing":-1,"x":35.45,"y":-120.93},{"duration":2,"tweenEasing":0,"x":1.8,"y":16},{"tweenEasing":0}],"rotateFrame":[{"duration":2,"tweenEasing":0},{"duration":6,"tweenEasing":1},{"duration":8,"tweenEasing":-1,"rotate":-45},{"duration":3}],"scaleFrame":[{"duration":19}]},{"name":"left leg","translateFrame":[{"duration":2,"tweenEasing":0},{"duration":6,"tweenEasing":1},{"duration":8,"tweenEasing":-1,"x":7.97,"y":-48.56},{"duration":3}],"rotateFrame":[{"duration":2,"tweenEasing":0},{"duration":6,"tweenEasing":1},{"duration":8,"tweenEasing":-1,"rotate":60},{"duration":3}],"scaleFrame":[{"duration":19}]},{"name":"right leg","translateFrame":[{"duration":2,"tweenEasing":0},{"duration":6,"tweenEasing":1},{"duration":8,"tweenEasing":-1,"x":-0.72,"y":-57.28},{"duration":3}],"rotateFrame":[{"duration":2,"tweenEasing":0},{"duration":6,"tweenEasing":1},{"duration":8,"tweenEasing":-1,"rotate":60},{"duration":3}],"scaleFrame":[{"duration":19}]},{"name":"right hand","translateFrame":[{"duration":2,"tweenEasing":0},{"duration":6,"tweenEasing":1,"x":-7.04,"y":8.14},{"duration":8,"tweenEasing":-1,"x":-38.92,"y":-111.07},{"duration":2,"tweenEasing":0,"x":-7.04,"y":8.14},{"tweenEasing":0}],"rotateFrame":[{"duration":2,"tweenEasing":0},{"duration":6,"tweenEasing":1},{"duration":8,"tweenEasing":-1,"rotate":60},{"duration":3}],"scaleFrame":[{"duration":19}]}],"slot":[{"name":"left leg","colorFrame":[{"duration":19,"value":{"rM":85,"gM":85,"bM":85}}]},{"name":"tears","displayFrame":[{"value":-1}]},{"name":"effects stop","displayFrame":[{"value":-1}]}]}]},{"name":"BodyDB","bone":[{"inheritScale":false,"name":"Layer 2"}],"slot":[{"name":"Layer 2","parent":"Layer 2"}],"skin":[{"slot":[{"name":"Layer 2","display":[{"name":"Body0","transform":{"x":0.4,"y":0.1}},{"name":"Body23","transform":{"x":2.45,"y":0.5}},{"name":"Body4","transform":{"x":0.4,"y":0.1}},{"name":"Body7","transform":{"x":0.4,"y":0.1}},{"name":"Body3","transform":{"x":0.4,"y":0.1}},{"name":"Body24","transform":{"x":2.45,"y":0.5}},{"name":"Body5","transform":{"x":0.4,"y":0.1}},{"name":"Body6","transform":{"x":0.4,"y":0.1}},{"name":"girlBo0","transform":{"x":0.3,"y":0.15}},{"name":"girlBo2","transform":{"x":0.3,"y":0.15}},{"name":"girlBo3","transform":{"x":0.3,"y":0.15}},{"name":"girlBo4","transform":{"x":0.3,"y":0.15}},{"name":"girlBo5","transform":{"x":0.3,"y":0.15}},{"name":"girlBo332","transform":{"x":0.3,"y":0.15}},{"name":"girlBo1","transform":{"x":0.3,"y":0.15}},{"name":"girlBo7","transform":{"x":0.3,"y":0.15}},{"name":"snailBody","transform":{"x":0.5,"y":0.45}}]}]}],"animation":[{"name":"body1","bone":[{"name":"Layer 2","scaleFrame":[{"tweenEasing":0}]}]},{"name":"body2","bone":[{"name":"Layer 2","translateFrame":[{"tweenEasing":0,"x":-2.2,"y":-0.5}],"scaleFrame":[{"tweenEasing":0}]}],"slot":[{"name":"Layer 2","displayFrame":[{"value":1}]}]},{"name":"body3","bone":[{"name":"Layer 2","scaleFrame":[{"tweenEasing":0}]}],"slot":[{"name":"Layer 2","displayFrame":[{"value":2}]}]},{"name":"body4","bone":[{"name":"Layer 2","translateFrame":[{"tweenEasing":0,"y":-0.05}],"scaleFrame":[{"tweenEasing":0}]}],"slot":[{"name":"Layer 2","displayFrame":[{"value":3}]}]},{"name":"body5","bone":[{"name":"Layer 2","translateFrame":[{"tweenEasing":0,"y":-0.05}],"scaleFrame":[{"tweenEasing":0}]}],"slot":[{"name":"Layer 2","displayFrame":[{"value":4}]}]},{"name":"body6","bone":[{"name":"Layer 2","translateFrame":[{"tweenEasing":0,"x":-2.2,"y":-0.5}],"scaleFrame":[{"tweenEasing":0}]}],"slot":[{"name":"Layer 2","displayFrame":[{"value":5}]}]},{"name":"body7","bone":[{"name":"Layer 2","scaleFrame":[{"tweenEasing":0}]}],"slot":[{"name":"Layer 2","displayFrame":[{"value":6}]}]},{"name":"body8","bone":[{"name":"Layer 2","scaleFrame":[{"tweenEasing":0}]}],"slot":[{"name":"Layer 2","displayFrame":[{"value":7}]}]},{"name":"body9","bone":[{"name":"Layer 2","translateFrame":[{"tweenEasing":0,"y":-0.05}],"scaleFrame":[{"tweenEasing":0}]}],"slot":[{"name":"Layer 2","displayFrame":[{"value":8}]}]},{"name":"body10","bone":[{"name":"Layer 2","translateFrame":[{"tweenEasing":0,"y":-0.05}],"scaleFrame":[{"tweenEasing":0}]}],"slot":[{"name":"Layer 2","displayFrame":[{"value":9}]}]},{"name":"body11","bone":[{"name":"Layer 2","translateFrame":[{"tweenEasing":0,"y":-0.05}],"scaleFrame":[{"tweenEasing":0}]}],"slot":[{"name":"Layer 2","displayFrame":[{"value":10}]}]},{"name":"body12","bone":[{"name":"Layer 2","translateFrame":[{"tweenEasing":0,"y":-0.05}],"scaleFrame":[{"tweenEasing":0}]}],"slot":[{"name":"Layer 2","displayFrame":[{"value":11}]}]},{"name":"body13","bone":[{"name":"Layer 2","translateFrame":[{"tweenEasing":0,"y":-0.05}],"scaleFrame":[{"tweenEasing":0}]}],"slot":[{"name":"Layer 2","displayFrame":[{"value":12}]}]},{"name":"body14","bone":[{"name":"Layer 2","translateFrame":[{"tweenEasing":0,"y":-0.05}],"scaleFrame":[{"tweenEasing":0}]}],"slot":[{"name":"Layer 2","displayFrame":[{"value":13}]}]},{"name":"body15","bone":[{"name":"Layer 2","translateFrame":[{"tweenEasing":0,"y":-0.05}],"scaleFrame":[{"tweenEasing":0}]}],"slot":[{"name":"Layer 2","displayFrame":[{"value":14}]}]},{"name":"body16","bone":[{"name":"Layer 2","translateFrame":[{"tweenEasing":0,"y":-0.05}],"scaleFrame":[{"tweenEasing":0}]}],"slot":[{"name":"Layer 2","displayFrame":[{"value":15}]}]},{"name":"body17","bone":[{"name":"Layer 2","translateFrame":[{"tweenEasing":0,"y":-0.05}],"scaleFrame":[{"tweenEasing":0}]}],"slot":[{"name":"Layer 2","displayFrame":[{"value":9}]}]},{"name":"snail","bone":[{"name":"Layer 2","translateFrame":[{"tweenEasing":0,"x":-7.35,"y":13.25}],"scaleFrame":[{"tweenEasing":0}]}],"slot":[{"name":"Layer 2","displayFrame":[{"value":16}]}]}]},{"name":"HeadDB","bone":[{"inheritScale":false,"name":"head","transform":{"x":-1,"y":-10.7}},{"inheritScale":false,"name":"soother","transform":{"x":17,"y":55}}],"slot":[{"name":"head","parent":"head"},{"name":"soother","parent":"soother"}],"skin":[{"slot":[{"name":"head","display":[{"name":"nishikori","transform":{"x":0.35}},{"name":"nadal","transform":{"x":-2.65,"y":1.4}},{"name":"davidFerrer","transform":{"x":5.25,"y":0.2}},{"name":"tomas_berdych","transform":{"x":-11.25,"y":7.85}},{"name":"warwinka","transform":{"x":0.3,"y":0.05}},{"name":"federer","transform":{"x":0.2,"y":0.15}},{"name":"murray","transform":{"x":0.05,"y":0.25}},{"name":"djokovich","transform":{"x":0.35,"y":0.3}},{"name":"headGirl0","transform":{"x":0.4,"y":0.5}},{"name":"headGirl1","transform":{"x":-5.6,"y":1.35}},{"name":"headGirl2","transform":{"x":2.1,"y":-3.6}},{"name":"headGirl3","transform":{"x":3.4,"y":-3.9}},{"name":"headGirl4","transform":{"x":-5.1,"y":-1.6}},{"name":"headGirl5","transform":{"x":-5.1,"y":-1.6}},{"name":"headGirl6","transform":{"x":-7.7,"y":-1.6}},{"name":"headGirl7","transform":{"x":-5.1,"y":5.4}},{"name":"emma","transform":{"x":0.05,"y":0.2}}]},{"name":"soother","display":[{"type":"armature","name":"Soother01"}]}]}],"animation":[{"name":"head1","bone":[{"name":"head","scaleFrame":[{"tweenEasing":0}]},{"name":"soother","scaleFrame":[{"tweenEasing":0}]}]},{"name":"head2","bone":[{"name":"head","translateFrame":[{"tweenEasing":0,"x":0.7,"y":0.7}],"scaleFrame":[{"tweenEasing":0}]},{"name":"soother","scaleFrame":[{"duration":16,"tweenEasing":0}]}],"slot":[{"name":"head","displayFrame":[{"value":1}]}]},{"name":"head3","bone":[{"name":"head","translateFrame":[{"tweenEasing":0,"x":-6.3,"y":2.45}],"scaleFrame":[{"tweenEasing":0}]},{"name":"soother","scaleFrame":[{"duration":15,"tweenEasing":0}]}],"slot":[{"name":"head","displayFrame":[{"value":2}]}]},{"name":"head4","bone":[{"name":"head","translateFrame":[{"tweenEasing":0,"x":9.7,"y":-8.35}],"scaleFrame":[{"tweenEasing":0}]},{"name":"soother","scaleFrame":[{"duration":14,"tweenEasing":0}]}],"slot":[{"name":"head","displayFrame":[{"value":3}]}]},{"name":"head5","bone":[{"name":"head","translateFrame":[{"tweenEasing":0,"x":-1,"y":-1.05}],"scaleFrame":[{"tweenEasing":0}]},{"name":"soother","scaleFrame":[{"duration":13,"tweenEasing":0}]}],"slot":[{"name":"head","displayFrame":[{"value":4}]}]},{"name":"head6","bone":[{"name":"head","translateFrame":[{"tweenEasing":0,"x":-0.55,"y":4.5}],"scaleFrame":[{"tweenEasing":0}]},{"name":"soother","scaleFrame":[{"duration":12,"tweenEasing":0}]}],"slot":[{"name":"head","displayFrame":[{"value":5}]}]},{"name":"head7","bone":[{"name":"head","translateFrame":[{"tweenEasing":0,"x":1,"y":3.55}],"scaleFrame":[{"tweenEasing":0}]},{"name":"soother","scaleFrame":[{"duration":11,"tweenEasing":0}]}],"slot":[{"name":"head","displayFrame":[{"value":6}]}]},{"name":"head8","bone":[{"name":"head","translateFrame":[{"tweenEasing":0,"x":-4.75,"y":0.7}],"scaleFrame":[{"tweenEasing":0}]},{"name":"soother","scaleFrame":[{"duration":10,"tweenEasing":0}]}],"slot":[{"name":"head","displayFrame":[{"value":7}]}]},{"name":"head9","bone":[{"name":"head","translateFrame":[{"tweenEasing":0,"x":4.05,"y":13.95}],"scaleFrame":[{"tweenEasing":0}]},{"name":"soother","scaleFrame":[{"duration":9,"tweenEasing":0}]}],"slot":[{"name":"head","displayFrame":[{"value":8}]}]},{"name":"head10","bone":[{"name":"head","translateFrame":[{"tweenEasing":0,"x":3.95,"y":15.4}],"scaleFrame":[{"tweenEasing":0}]},{"name":"soother","scaleFrame":[{"duration":8,"tweenEasing":0}]}],"slot":[{"name":"head","displayFrame":[{"value":9}]}]},{"name":"head11","bone":[{"name":"head","translateFrame":[{"tweenEasing":0,"x":-0.9,"y":16.95}],"scaleFrame":[{"tweenEasing":0}]},{"name":"soother","scaleFrame":[{"duration":7,"tweenEasing":0}]}],"slot":[{"name":"head","displayFrame":[{"value":10}]}]},{"name":"head12","bone":[{"name":"head","translateFrame":[{"tweenEasing":0,"x":5.9,"y":13.9}],"scaleFrame":[{"tweenEasing":0}]},{"name":"soother","scaleFrame":[{"duration":6,"tweenEasing":0}]}],"slot":[{"name":"head","displayFrame":[{"value":11}]}]},{"name":"head13","bone":[{"name":"head","translateFrame":[{"tweenEasing":0,"x":5.45,"y":13.3}],"scaleFrame":[{"tweenEasing":0}]},{"name":"soother","scaleFrame":[{"duration":5,"tweenEasing":0}]}],"slot":[{"name":"head","displayFrame":[{"value":12}]}]},{"name":"head14","bone":[{"name":"head","translateFrame":[{"tweenEasing":0,"x":5.9,"y":12.8}],"scaleFrame":[{"tweenEasing":0}]},{"name":"soother","scaleFrame":[{"duration":4,"tweenEasing":0}]}],"slot":[{"name":"head","displayFrame":[{"value":13}]}]},{"name":"head15","bone":[{"name":"head","translateFrame":[{"tweenEasing":0,"x":5.5,"y":12.55}],"scaleFrame":[{"tweenEasing":0}]},{"name":"soother","scaleFrame":[{"duration":3,"tweenEasing":0}]}],"slot":[{"name":"head","displayFrame":[{"value":14}]}]},{"name":"head16","bone":[{"name":"head","translateFrame":[{"tweenEasing":0,"x":6.6,"y":13.1}],"scaleFrame":[{"tweenEasing":0}]},{"name":"soother","scaleFrame":[{"duration":2,"tweenEasing":0}]}],"slot":[{"name":"head","displayFrame":[{"value":15}]}]},{"name":"head17","bone":[{"name":"head","translateFrame":[{"tweenEasing":0,"x":5.45,"y":24.2}],"scaleFrame":[{"tweenEasing":0}]},{"name":"soother","scaleFrame":[{"tweenEasing":0}]}],"slot":[{"name":"head","displayFrame":[{"value":16}]}]},{"name":"empty","slot":[{"name":"head","displayFrame":[{"value":-1}]},{"name":"soother","displayFrame":[{"value":-1}]}]}]},{"name":"LeftHandDB","bone":[{"inheritScale":false,"name":"Layer 2","transform":{"x":6.6,"y":4.45}}],"slot":[{"name":"Layer 2","parent":"Layer 2"}],"skin":[{"slot":[{"name":"Layer 2","display":[{"name":"LeftHand11","transform":{"x":0.05,"y":0.25}},{"name":"LeftHand22","transform":{"x":0.05,"y":0.25}},{"name":"LeftHand00","transform":{"x":0.05,"y":0.25}}]}]}],"animation":[{"name":"hand1","bone":[{"name":"Layer 2","scaleFrame":[{"tweenEasing":0}]}]},{"name":"hand2","bone":[{"name":"Layer 2","scaleFrame":[{"tweenEasing":0}]}],"slot":[{"name":"Layer 2","displayFrame":[{"value":1}]}]},{"name":"hand3","bone":[{"name":"Layer 2","translateFrame":[{"tweenEasing":0,"x":-0.05,"y":-0.05}],"scaleFrame":[{"tweenEasing":0}]}],"slot":[{"name":"Layer 2","displayFrame":[{"value":2}]}]}]},{"name":"RightLegDB","bone":[{"inheritScale":false,"name":"Layer 2","transform":{"x":-0.05,"y":-0.05}}],"slot":[{"name":"Layer 2","parent":"Layer 2"}],"skin":[{"slot":[{"name":"Layer 2","display":[{"name":"lege11","transform":{"x":0.1,"y":0.45}},{"name":"legR0","transform":{"x":0.1,"y":0.45}},{"name":"leg22","transform":{"x":0.1,"y":0.45}},{"name":"leg33","transform":{"x":0.1,"y":0.45}},{"name":"leg124","transform":{"x":0.1,"y":0.45}},{"name":"legG0","transform":{"x":0.1,"y":0.65}},{"name":"legG1","transform":{"x":0.1,"y":0.65}},{"name":"legG2","transform":{"x":0.1,"y":0.65}},{"name":"legG3","transform":{"x":0.1,"y":0.65}},{"name":"legG4","transform":{"x":0.1,"y":0.65}},{"name":"legG5","transform":{"x":0.1,"y":0.65}},{"name":"legG6","transform":{"x":0.1,"y":0.65}}]}]}],"animation":[{"name":"leg1","bone":[{"name":"Layer 2","scaleFrame":[{"tweenEasing":0}]}]},{"name":"leg2","bone":[{"name":"Layer 2","scaleFrame":[{"tweenEasing":0}]}],"slot":[{"name":"Layer 2","displayFrame":[{"value":1}]}]},{"name":"leg3","bone":[{"name":"Layer 2","scaleFrame":[{"tweenEasing":0}]}],"slot":[{"name":"Layer 2","displayFrame":[{"value":2}]}]},{"name":"leg4","bone":[{"name":"Layer 2","scaleFrame":[{"tweenEasing":0}]}],"slot":[{"name":"Layer 2","displayFrame":[{"value":3}]}]},{"name":"leg5","bone":[{"name":"Layer 2","translateFrame":[{"tweenEasing":0,"y":0.05}],"scaleFrame":[{"tweenEasing":0}]}],"slot":[{"name":"Layer 2","displayFrame":[{"value":4}]}]},{"name":"leg6","bone":[{"name":"Layer 2","translateFrame":[{"tweenEasing":0,"x":0.05}],"scaleFrame":[{"tweenEasing":0}]}],"slot":[{"name":"Layer 2","displayFrame":[{"value":5}]}]},{"name":"leg7","bone":[{"name":"Layer 2","translateFrame":[{"tweenEasing":0,"x":0.05}],"scaleFrame":[{"tweenEasing":0}]}],"slot":[{"name":"Layer 2","displayFrame":[{"value":6}]}]},{"name":"leg8","bone":[{"name":"Layer 2","translateFrame":[{"tweenEasing":0,"x":0.05}],"scaleFrame":[{"tweenEasing":0}]}],"slot":[{"name":"Layer 2","displayFrame":[{"value":7}]}]},{"name":"leg9","bone":[{"name":"Layer 2","translateFrame":[{"tweenEasing":0,"x":0.05}],"scaleFrame":[{"tweenEasing":0}]}],"slot":[{"name":"Layer 2","displayFrame":[{"value":8}]}]},{"name":"leg10","bone":[{"name":"Layer 2","translateFrame":[{"tweenEasing":0,"x":0.05}],"scaleFrame":[{"tweenEasing":0}]}],"slot":[{"name":"Layer 2","displayFrame":[{"value":9}]}]},{"name":"emmy","bone":[{"name":"Layer 2","translateFrame":[{"tweenEasing":0,"x":0.05}],"scaleFrame":[{"tweenEasing":0}]}],"slot":[{"name":"Layer 2","displayFrame":[{"value":10}]}]},{"name":"empty","bone":[{"name":"Layer 2","translateFrame":[{"tweenEasing":0,"x":0.05}],"scaleFrame":[{"tweenEasing":0}]}],"slot":[{"name":"Layer 2","displayFrame":[{"value":11}]}]},{"name":"empty_0","slot":[{"name":"Layer 2","displayFrame":[{"value":-1}]}]}]},{"name":"RightHandDB","bone":[{"inheritScale":false,"name":"racket","transform":{"x":-0.05}},{"inheritScale":false,"name":"fx","transform":{"x":-67.6,"y":-97.9,"skX":123.4,"skY":134.86,"scX":0.6608,"scY":1.7913}}],"slot":[{"name":"racket","parent":"racket"},{"name":"fx","parent":"fx"}],"skin":[{"slot":[{"name":"racket","display":[{"type":"armature","name":"RacketDB","transform":{"x":0.05}}]},{"name":"fx","display":[{"name":"sled_buts","transform":{"x":-64.35,"y":1.55}}]}]}],"animation":[{"name":"idle","bone":[{"name":"racket","scaleFrame":[{"tweenEasing":0}]}],"slot":[{"name":"fx","displayFrame":[{"value":-1}]}]},{"duration":22,"scale":0.7,"name":"hit","frame":[{"duration":2},{"duration":4,"event":"h1"},{"duration":4,"event":"h2"},{"duration":12,"event":"h3"}],"bone":[{"name":"racket","translateFrame":[{"tweenEasing":0},{"tweenEasing":0},{"tweenEasing":0,"x":0.04,"y":0.03},{"tweenEasing":0,"x":-0.02,"y":0.05},{"tweenEasing":0,"x":0.05,"y":-0.01},{"tweenEasing":0,"x":0.04,"y":-0.02},{"tweenEasing":0,"x":0.03,"y":-0.04},{"tweenEasing":0,"x":0.05,"y":0.01},{"tweenEasing":0,"x":0.05,"y":-0.01},{"tweenEasing":0,"x":0.03,"y":0.04},{"tweenEasing":0,"x":0.04,"y":0.02},{"tweenEasing":0,"x":0.05,"y":0.01},{"tweenEasing":0,"x":-0.02,"y":-0.05},{"tweenEasing":0,"x":0.04,"y":-0.03},{"duration":8}],"rotateFrame":[{"tweenEasing":0},{"tweenEasing":0,"rotate":-23.84},{"tweenEasing":0,"rotate":-47.92},{"tweenEasing":0,"rotate":-71.98},{"tweenEasing":0,"rotate":-95.81},{"tweenEasing":0,"rotate":-119.86},{"tweenEasing":0,"rotate":-143.93},{"tweenEasing":0,"rotate":-167.99},{"tweenEasing":0,"rotate":167.99},{"tweenEasing":0,"rotate":143.93},{"tweenEasing":0,"rotate":119.86},{"tweenEasing":0,"rotate":95.81},{"tweenEasing":0,"rotate":71.98},{"tweenEasing":0,"rotate":47.92},{"tweenEasing":0,"rotate":23.84},{"duration":7}],"scaleFrame":[{"tweenEasing":0},{"tweenEasing":0,"x":0.9988,"y":0.9988},{"tweenEasing":0,"x":0.9984,"y":0.9984},{"tweenEasing":0,"x":0.999,"y":0.999},{"tweenEasing":0,"x":0.9997,"y":0.9997},{"tweenEasing":0,"x":0.9986,"y":0.9986},{"tweenEasing":0,"x":0.9984,"y":0.9984},{"tweenEasing":0,"x":0.9993,"y":0.9993},{"tweenEasing":0,"x":0.9993,"y":0.9993},{"tweenEasing":0,"x":0.9984,"y":0.9984},{"tweenEasing":0,"x":0.9986,"y":0.9986},{"tweenEasing":0,"x":0.9997,"y":0.9997},{"tweenEasing":0,"x":0.999,"y":0.999},{"tweenEasing":0,"x":0.9984,"y":0.9984},{"tweenEasing":0,"x":0.9988,"y":0.9988},{"duration":7}]},{"name":"fx","translateFrame":[{"tweenEasing":0},{"tweenEasing":0,"x":-21.4,"y":41.98},{"tweenEasing":0,"x":-42.69,"y":83.79},{"tweenEasing":0,"x":-40.5,"y":131.08},{"tweenEasing":0,"x":-8.44,"y":167.67},{"tweenEasing":0,"x":23.45,"y":204.15},{"tweenEasing":0,"x":68.33,"y":210.05},{"tweenEasing":0,"x":113.39,"y":190.7},{"tweenEasing":0,"x":158.32,"y":171.34},{"tweenEasing":0,"x":177.17,"y":135.8},{"tweenEasing":0,"x":182.49,"y":87.56},{"tweenEasing":0,"x":161.95,"y":41.75},{"tweenEasing":0,"x":141.24,"y":-3.9},{"tweenEasing":0,"x":90.76,"y":-17.06},{"x":40.15,"y":-30.08},{"duration":7,"tweenEasing":0,"x":67.6,"y":97.9}],"rotateFrame":[{"tweenEasing":0,"skew":-11.46},{"tweenEasing":0,"rotate":-25.05,"skew":-7.8},{"tweenEasing":0,"rotate":-49.89,"skew":-4.32},{"tweenEasing":0,"rotate":-72.96,"skew":-4.49},{"tweenEasing":0,"rotate":-96.25,"skew":-4.53},{"tweenEasing":0,"rotate":-119.5,"skew":-4.56},{"tweenEasing":0,"rotate":-144.16,"skew":-5.25},{"tweenEasing":0,"rotate":-168.95,"skew":-6},{"tweenEasing":0,"rotate":166.16,"skew":-6.56},{"tweenEasing":0,"rotate":142.42,"skew":-7.26},{"tweenEasing":0,"rotate":118.82,"skew":-8},{"tweenEasing":0,"rotate":95.03,"skew":-8.75},{"tweenEasing":0,"rotate":71.21,"skew":-9.3},{"tweenEasing":0,"rotate":43.08,"skew":-10.2},{"rotate":14.61,"skew":-10.78},{"duration":7,"tweenEasing":0,"rotate":-134.86}],"scaleFrame":[{"tweenEasing":0},{"tweenEasing":0,"x":1.1381,"y":1.1608},{"tweenEasing":0,"x":1.2786,"y":1.3232},{"tweenEasing":0,"x":1.3497,"y":1.3858},{"tweenEasing":0,"x":1.4212,"y":1.4493},{"tweenEasing":0,"x":1.4973,"y":1.5173},{"tweenEasing":0,"x":1.4462,"y":1.4636},{"tweenEasing":0,"x":1.3939,"y":1.4094},{"tweenEasing":0,"x":1.346,"y":1.3598},{"tweenEasing":0,"x":1.2955,"y":1.3076},{"tweenEasing":0,"x":1.246,"y":1.2554},{"tweenEasing":0,"x":1.1941,"y":1.2018},{"tweenEasing":0,"x":1.1461,"y":1.1522},{"tweenEasing":0,"x":1.0967,"y":1.0999},{"x":1.0475,"y":1.0492},{"duration":7,"tweenEasing":0,"x":1.5134,"y":0.5583}]}],"slot":[{"name":"fx","displayFrame":[{"duration":15},{"duration":7,"value":-1}],"colorFrame":[{"duration":14,"tweenEasing":0,"value":{"aM":50}},{"value":{"aM":50}},{"duration":7,"tweenEasing":0}]}]},{"duration":13,"name":"smash","frame":[{"duration":3},{"event":"s1"},{"duration":9,"event":"s2"}],"bone":[{"name":"racket","translateFrame":[{"duration":2,"tweenEasing":0.99},{"duration":4,"tweenEasing":1,"x":-6.1,"y":5.7},{"duration":6,"tweenEasing":-1,"x":-1.76,"y":-13.84},{"tweenEasing":0}],"rotateFrame":[{"duration":2,"tweenEasing":0.99},{"duration":4,"tweenEasing":1,"rotate":-17.95},{"duration":6,"tweenEasing":-1,"rotate":155.53},{"tweenEasing":0}],"scaleFrame":[{"duration":13}]},{"name":"fx","translateFrame":[{"duration":2,"tweenEasing":0,"x":67.6,"y":97.9},{"tweenEasing":0,"x":-74.02,"y":115.86},{"tweenEasing":0,"x":18.97,"y":-15.33},{"tweenEasing":0,"x":116.17,"y":2.34},{"tweenEasing":0,"x":155.82,"y":41.89},{"tweenEasing":0,"x":173.79,"y":91.03},{"x":178.11,"y":111.41},{"duration":5,"tweenEasing":0,"x":67.6,"y":97.9}],"rotateFrame":[{"duration":2,"tweenEasing":0,"rotate":-134.86},{"tweenEasing":0,"rotate":-29.72,"skew":11.46},{"tweenEasing":0,"rotate":35.25,"skew":6.49},{"tweenEasing":0,"rotate":80.25,"skew":6.49},{"tweenEasing":0,"rotate":115.95,"skew":6.49},{"tweenEasing":0,"rotate":130.95,"skew":6.49},{"rotate":138.68,"skew":6.49},{"duration":5,"tweenEasing":0,"rotate":-134.86}],"scaleFrame":[{"duration":2,"tweenEasing":0,"x":1.5134,"y":0.5583},{"tweenEasing":0,"x":-1},{"duration":4,"tweenEasing":0,"x":-1.767,"y":1.7914},{"x":-1.767,"y":1.7914},{"duration":5,"tweenEasing":0,"x":1.5134,"y":0.5583}]}],"slot":[{"name":"fx","displayFrame":[{"duration":2,"value":-1},{"duration":6},{"duration":5,"value":-1}],"colorFrame":[{"duration":2,"tweenEasing":0},{"duration":4,"tweenEasing":0,"value":{"aM":50}},{"tweenEasing":0,"value":{"aM":50}},{"value":{"aM":33}},{"duration":5,"tweenEasing":0}]}]},{"name":"woRacket","bone":[{"name":"racket","scaleFrame":[{"tweenEasing":0}]}],"slot":[{"name":"racket","colorFrame":[{"tweenEasing":0,"value":{"aM":0}}]},{"name":"fx","displayFrame":[{"value":-1}]}]}]},{"name":"tears_01","bone":[{"inheritScale":false,"name":"Layer 1","transform":{"x":3.1,"y":-5.35}},{"inheritScale":false,"name":"Layer 3","transform":{"x":-8.4,"y":2.6}},{"inheritScale":false,"name":"Layer 2","transform":{"x":5.95,"y":-9.85}}],"slot":[{"name":"Layer 1","parent":"Layer 1"},{"name":"Layer 3","parent":"Layer 3"},{"name":"Layer 2","parent":"Layer 2"}],"skin":[{"slot":[{"name":"Layer 1","display":[{"name":"__dbTextures/tears_01/Layer 1_0","transform":{"x":0.05,"y":0.25}},{"name":"__dbTextures/tears_01/Layer 1_1","transform":{"x":0.5,"y":0.25}},{"name":"__dbTextures/tears_01/Layer 1_2","transform":{"x":0.25,"y":0.45}},{"name":"__dbTextures/tears_01/Layer 1_3","transform":{"x":0.3,"y":0.35}},{"name":"__dbTextures/tears_01/Layer 1_4","transform":{"x":0.4,"y":0.15}}]},{"name":"Layer 3","display":[{"name":"__dbTextures/tears_01/Layer 3_0","transform":{"x":0.3,"y":0.35}},{"name":"__dbTextures/tears_01/Layer 3_1","transform":{"x":0.4,"y":0.15}},{"name":"__dbTextures/tears_01/Layer 3_2","transform":{"x":0.05,"y":0.25}},{"name":"__dbTextures/tears_01/Layer 3_3","transform":{"x":0.5,"y":0.25}},{"name":"__dbTextures/tears_01/Layer 3_4","transform":{"x":0.25,"y":0.45}}]},{"name":"Layer 2","display":[{"name":"__dbTextures/tears_01/Layer 2_0","transform":{"x":0.4,"y":0.05}},{"name":"__dbTextures/tears_01/Layer 2_1","transform":{"x":0.15,"y":0.5}},{"name":"__dbTextures/tears_01/Layer 2_2","transform":{"x":0.25,"y":0.4}},{"name":"__dbTextures/tears_01/Layer 2_3","transform":{"x":0.4,"y":0.2}},{"name":"__dbTextures/tears_01/Layer 2_4","transform":{"x":0.2,"y":0.35}}]}]}],"animation":[{"duration":5,"playTimes":0,"name":"unnamed","bone":[{"name":"Layer 1","translateFrame":[{"tweenEasing":0},{"tweenEasing":0,"x":-3.4,"y":3.85},{"tweenEasing":0,"x":-7.2,"y":8.35},{"tweenEasing":0,"x":-11.5,"y":7.95},{"tweenEasing":0,"x":-13.55,"y":12.55}],"scaleFrame":[{"duration":5}]},{"name":"Layer 3","translateFrame":[{"tweenEasing":0},{"tweenEasing":0,"x":-2.05,"y":4.6},{"tweenEasing":0,"x":11.5,"y":-7.95},{"tweenEasing":0,"x":8.1,"y":-4.1},{"tweenEasing":0,"x":4.3,"y":0.4}],"scaleFrame":[{"duration":5}]},{"name":"Layer 2","translateFrame":[{"tweenEasing":0},{"tweenEasing":0,"x":-3.55,"y":-0.55},{"tweenEasing":0,"x":-8.85,"y":-5.45},{"tweenEasing":0,"x":-10,"y":1.4},{"tweenEasing":0,"x":-13.05,"y":-1.9}],"scaleFrame":[{"duration":5}]}],"slot":[{"name":"Layer 1","displayFrame":[{},{"value":1},{"value":2},{"value":3},{"value":4}]},{"name":"Layer 3","displayFrame":[{},{"value":1},{"value":2},{"value":3},{"value":4}]},{"name":"Layer 2","displayFrame":[{},{"value":1},{"value":2},{"value":3},{"value":4}]}]}]},{"name":"Soother01","bone":[{"inheritScale":false,"name":"Layer 1"}],"slot":[{"name":"Layer 1","parent":"Layer 1"}],"skin":[{"slot":[{"name":"Layer 1","display":[{"name":"soska","transform":{"x":0.15,"y":0.25}}]}]}],"animation":[{"name":"hide","slot":[{"name":"Layer 1","displayFrame":[{"value":-1}]}]},{"name":"show","bone":[{"name":"Layer 1","scaleFrame":[{"tweenEasing":0}]}]}]},{"name":"RacketDB","bone":[{"inheritScale":false,"name":"hand"},{"inheritScale":false,"name":"racket2","transform":{"x":-71.45,"y":-45.8,"skX":-52.73,"skY":-52.73}},{"inheritScale":false,"name":"changeR","transform":{"x":-93.6,"y":-62.95,"skX":-15,"skY":-15,"scX":0.75,"scY":0.75}}],"slot":[{"name":"hand","parent":"hand"},{"name":"racket2","parent":"racket2"},{"name":"changeR","parent":"changeR"}],"skin":[{"slot":[{"name":"hand","display":[{"type":"armature","name":"LeftHandDB2"}]},{"name":"racket2","display":[{"type":"armature","name":"raketka0","transform":{"y":0.05}},{"type":"armature","name":"raketka78awdy","transform":{"y":0.05}},{"type":"armature","name":"raketka7822","transform":{"y":0.05}},{"type":"armature","name":"raketka784547","transform":{"y":0.05}},{"type":"armature","name":"raketka78587","transform":{"y":0.05}},{"type":"armature","name":"raketka785425","transform":{"y":0.05}},{"name":"raketka78524","transform":{"x":0.4,"y":1.95}}]},{"name":"changeR","display":[{"type":"armature","name":"racket_transform","transform":{"x":0.05,"y":0.05}}]}]}],"animation":[{"name":"racket1","bone":[{"name":"hand","scaleFrame":[{"tweenEasing":0}]},{"name":"racket2","scaleFrame":[{"tweenEasing":0}]},{"name":"changeR","scaleFrame":[{"tweenEasing":0}]}]},{"name":"racket2","bone":[{"name":"hand","scaleFrame":[{"duration":7,"tweenEasing":0}]},{"name":"racket2","scaleFrame":[{"tweenEasing":0}]},{"name":"changeR","scaleFrame":[{"duration":6,"tweenEasing":0}]}],"slot":[{"name":"racket2","displayFrame":[{"value":1}]}]},{"name":"racket3","bone":[{"name":"hand","scaleFrame":[{"duration":6,"tweenEasing":0}]},{"name":"racket2","scaleFrame":[{"tweenEasing":0}]},{"name":"changeR","scaleFrame":[{"duration":5,"tweenEasing":0}]}],"slot":[{"name":"racket2","displayFrame":[{"value":2}]}]},{"name":"racket4","bone":[{"name":"hand","scaleFrame":[{"duration":5,"tweenEasing":0}]},{"name":"racket2","scaleFrame":[{"tweenEasing":0}]},{"name":"changeR","scaleFrame":[{"duration":4,"tweenEasing":0}]}],"slot":[{"name":"racket2","displayFrame":[{"value":3}]}]},{"name":"racket5","bone":[{"name":"hand","scaleFrame":[{"duration":4,"tweenEasing":0}]},{"name":"racket2","scaleFrame":[{"tweenEasing":0}]},{"name":"changeR","scaleFrame":[{"duration":3,"tweenEasing":0}]}],"slot":[{"name":"racket2","displayFrame":[{"value":4}]}]},{"name":"emmy","bone":[{"name":"hand","scaleFrame":[{"duration":3,"tweenEasing":0}]},{"name":"racket2","scaleFrame":[{"tweenEasing":0}]},{"name":"changeR","scaleFrame":[{"duration":2,"tweenEasing":0}]}],"slot":[{"name":"racket2","displayFrame":[{"value":5}]}]},{"name":"big","bone":[{"name":"hand","scaleFrame":[{"duration":2,"tweenEasing":0}]},{"name":"racket2","translateFrame":[{"tweenEasing":0,"x":-42.1,"y":-29}],"rotateFrame":[{"tweenEasing":0,"rotate":0.05}],"scaleFrame":[{"tweenEasing":0,"x":1.6973,"y":1.6973}]},{"name":"changeR","scaleFrame":[{"tweenEasing":0}]}],"slot":[{"name":"racket2","displayFrame":[{"value":6}]}]},{"name":"woRacket","bone":[{"name":"hand","scaleFrame":[{"tweenEasing":0}]}],"slot":[{"name":"racket2","displayFrame":[{"value":-1}]},{"name":"changeR","displayFrame":[{"value":-1}]}]}]},{"name":"LeftHandDB2","bone":[{"inheritScale":false,"name":"Layer 2","transform":{"x":-6.5,"y":5.05}}],"slot":[{"name":"Layer 2","parent":"Layer 2"}],"skin":[{"slot":[{"name":"Layer 2","display":[{"name":"LeftHand111","transform":{"y":0.25}},{"name":"LeftHand222","transform":{"y":0.25}},{"name":"LeftHand000","transform":{"y":0.25}}]}]}],"animation":[{"name":"hand1","bone":[{"name":"Layer 2","scaleFrame":[{"tweenEasing":0}]}]},{"name":"hand2","bone":[{"name":"Layer 2","scaleFrame":[{"tweenEasing":0}]}],"slot":[{"name":"Layer 2","displayFrame":[{"value":1}]}]},{"name":"hand3","bone":[{"name":"Layer 2","translateFrame":[{"tweenEasing":0,"x":-0.05,"y":-0.05}],"scaleFrame":[{"tweenEasing":0}]}],"slot":[{"name":"Layer 2","displayFrame":[{"value":2}]}]}]},{"name":"raketka0","bone":[{"inheritScale":false,"name":"Layer 1","transform":{"y":1.8}},{"inheritScale":false,"name":"Layer 2","transform":{"x":2.55,"y":-28.65,"skX":38,"skY":38,"scX":0.75,"scY":0.75}}],"slot":[{"name":"Layer 1","parent":"Layer 1"},{"name":"Layer 2","parent":"Layer 2"}],"skin":[{"slot":[{"name":"Layer 1","display":[{"name":"raket0","transform":{"x":0.4,"y":0.15}}]},{"name":"Layer 2","display":[{"type":"armature","name":"racket_transform","transform":{"y":0.05}}]}]}],"animation":[{"name":"normal","bone":[{"name":"Layer 1","scaleFrame":[{"tweenEasing":0}]}],"slot":[{"name":"Layer 2","displayFrame":[{"value":-1}]}]},{"name":"change","bone":[{"name":"Layer 1","scaleFrame":[{"tweenEasing":0}]},{"name":"Layer 2","scaleFrame":[{"tweenEasing":0}]}]}]},{"name":"racket_transform","bone":[{"inheritScale":false,"name":"Layer 5","transform":{"x":-15.05,"y":4.45}}],"slot":[{"name":"Layer 5","parent":"Layer 5"}],"skin":[{"slot":[{"name":"Layer 5","display":[{"name":"Symbol 1","transform":{"x":0.2,"y":0.3}},{"name":"Symbol 2","transform":{"x":0.45,"y":0.3}},{"name":"Symbol 3","transform":{"x":0.2,"y":0.35}},{"name":"Symbol 4","transform":{"x":0.4,"y":0.2}},{"name":"Symbol 5","transform":{"x":0.2,"y":0.1}},{"name":"Symbol 6","transform":{"y":0.25}}]}]}],"animation":[{"duration":7,"name":"change","bone":[{"name":"Layer 5","translateFrame":[{"tweenEasing":0},{"tweenEasing":0,"x":9.7,"y":13.05},{"tweenEasing":0,"x":9.05,"y":10.1},{"tweenEasing":0,"x":11.95,"y":18.4},{"tweenEasing":0,"x":-4.55,"y":-4.5},{"x":-38.1,"y":-0.7},{"tweenEasing":0,"x":15.05,"y":-4.45}],"scaleFrame":[{"duration":7}]}],"slot":[{"name":"Layer 5","displayFrame":[{},{"value":1},{"value":2},{"value":3},{"value":4},{"value":5},{"value":-1}]}]}]},{"name":"raketka78awdy","bone":[{"inheritScale":false,"name":"Layer 1","transform":{"y":1.8}},{"inheritScale":false,"name":"Layer 2","transform":{"x":2.55,"y":-28.65,"skX":38,"skY":38,"scX":0.75,"scY":0.75}}],"slot":[{"name":"Layer 1","parent":"Layer 1"},{"name":"Layer 2","parent":"Layer 2"}],"skin":[{"slot":[{"name":"Layer 1","display":[{"name":"raket1","transform":{"x":0.4,"y":0.15}}]},{"name":"Layer 2","display":[{"type":"armature","name":"racket_transform","transform":{"y":0.05}}]}]}],"animation":[{"name":"normal","bone":[{"name":"Layer 1","scaleFrame":[{"tweenEasing":0}]}],"slot":[{"name":"Layer 2","displayFrame":[{"value":-1}]}]},{"name":"change","bone":[{"name":"Layer 1","scaleFrame":[{"tweenEasing":0}]},{"name":"Layer 2","scaleFrame":[{"tweenEasing":0}]}]}]},{"name":"raketka7822","bone":[{"inheritScale":false,"name":"Layer 1","transform":{"y":1.8}},{"inheritScale":false,"name":"Layer 2","transform":{"x":2.55,"y":-28.65,"skX":38,"skY":38,"scX":0.75,"scY":0.75}}],"slot":[{"name":"Layer 1","parent":"Layer 1"},{"name":"Layer 2","parent":"Layer 2"}],"skin":[{"slot":[{"name":"Layer 1","display":[{"name":"raket2","transform":{"x":0.4,"y":0.15}}]},{"name":"Layer 2","display":[{"type":"armature","name":"racket_transform","transform":{"y":0.05}}]}]}],"animation":[{"name":"normal","bone":[{"name":"Layer 1","scaleFrame":[{"tweenEasing":0}]}],"slot":[{"name":"Layer 2","displayFrame":[{"value":-1}]}]},{"name":"change","bone":[{"name":"Layer 1","scaleFrame":[{"tweenEasing":0}]},{"name":"Layer 2","scaleFrame":[{"tweenEasing":0}]}]}]},{"name":"raketka784547","bone":[{"inheritScale":false,"name":"Layer 1","transform":{"y":1.8}},{"inheritScale":false,"name":"Layer 2","transform":{"x":2.55,"y":-28.65,"skX":38,"skY":38,"scX":0.75,"scY":0.75}}],"slot":[{"name":"Layer 1","parent":"Layer 1"},{"name":"Layer 2","parent":"Layer 2"}],"skin":[{"slot":[{"name":"Layer 1","display":[{"name":"raket3","transform":{"x":0.4,"y":0.15}}]},{"name":"Layer 2","display":[{"type":"armature","name":"racket_transform","transform":{"y":0.05}}]}]}],"animation":[{"name":"normal","bone":[{"name":"Layer 1","scaleFrame":[{"tweenEasing":0}]}],"slot":[{"name":"Layer 2","displayFrame":[{"value":-1}]}]},{"name":"change","bone":[{"name":"Layer 1","scaleFrame":[{"tweenEasing":0}]},{"name":"Layer 2","scaleFrame":[{"tweenEasing":0}]}]}]},{"name":"raketka78587","bone":[{"inheritScale":false,"name":"Layer 1","transform":{"y":1.8}},{"inheritScale":false,"name":"Layer 2","transform":{"x":2.55,"y":-28.65,"skX":38,"skY":38,"scX":0.75,"scY":0.75}}],"slot":[{"name":"Layer 1","parent":"Layer 1"},{"name":"Layer 2","parent":"Layer 2"}],"skin":[{"slot":[{"name":"Layer 1","display":[{"name":"racket4","transform":{"x":0.4,"y":0.15}}]},{"name":"Layer 2","display":[{"type":"armature","name":"racket_transform","transform":{"y":0.05}}]}]}],"animation":[{"name":"normal","bone":[{"name":"Layer 1","scaleFrame":[{"tweenEasing":0}]}],"slot":[{"name":"Layer 2","displayFrame":[{"value":-1}]}]},{"name":"change","bone":[{"name":"Layer 1","scaleFrame":[{"tweenEasing":0}]},{"name":"Layer 2","scaleFrame":[{"tweenEasing":0}]}]}]},{"name":"raketka785425","bone":[{"inheritScale":false,"name":"Layer 1","transform":{"y":1.8}},{"inheritScale":false,"name":"Layer 2","transform":{"x":2.55,"y":-28.65,"skX":38,"skY":38,"scX":0.75,"scY":0.75}}],"slot":[{"name":"Layer 1","parent":"Layer 1"},{"name":"Layer 2","parent":"Layer 2"}],"skin":[{"slot":[{"name":"Layer 1","display":[{"name":"raket5","transform":{"x":0.4,"y":0.15}}]},{"name":"Layer 2","display":[{"type":"armature","name":"racket_transform","transform":{"y":0.05}}]}]}],"animation":[{"name":"normal","bone":[{"name":"Layer 1","scaleFrame":[{"tweenEasing":0}]}],"slot":[{"name":"Layer 2","displayFrame":[{"value":-1}]}]},{"name":"change","bone":[{"name":"Layer 1","scaleFrame":[{"tweenEasing":0}]},{"name":"Layer 2","scaleFrame":[{"tweenEasing":0}]}]}]}]}