{"frameRate":30,"name":"GUI02","version":"5.5","compatibleVersion":"5.5","armature":[{"name":"playerSmall","bone":[{"inheritScale":false,"name":"body","transform":{"x":-6.55,"y":-36.17}},{"inheritScale":false,"name":"head","transform":{"x":-8,"y":-87.57}},{"inheritScale":false,"name":"left hand","transform":{"x":19.43,"y":-35.22}},{"inheritScale":false,"name":"left leg","transform":{"x":6.28,"y":-6.15}},{"inheritScale":false,"name":"right leg","transform":{"x":-5.72,"y":-6.15}},{"inheritScale":false,"name":"right hand","transform":{"x":-31.7,"y":-33.1,"skX":15,"skY":15}},{"inheritScale":false,"name":"effects stop","transform":{"x":-8.47,"y":-2.17}},{"inheritScale":false,"name":"tears","transform":{"x":4.05,"y":-82.7,"skX":-30,"skY":-30}}],"slot":[{"name":"body","parent":"body"},{"name":"head","parent":"head"},{"name":"left hand","parent":"left hand"},{"name":"left leg","parent":"left leg"},{"name":"right leg","parent":"right leg"},{"name":"right hand","parent":"right hand"},{"name":"tears","parent":"tears"},{"name":"effects stop","parent":"effects stop"}],"skin":[{"slot":[{"name":"body","display":[{"type":"armature","name":"BodyDB"}]},{"name":"head","display":[{"type":"armature","name":"HeadDB"}]},{"name":"left hand","display":[{"type":"armature","name":"LeftHandDB"}]},{"name":"left leg","display":[{"type":"armature","name":"RightLegDB"}]},{"name":"right leg","display":[{"type":"armature","name":"RightLegDB"}]},{"name":"right hand","display":[{"type":"armature","name":"RightHandDB","transform":{"x":0.03,"y":0.03}}]},{"name":"tears","display":[{"type":"armature","name":"tears_01","transform":{"x":-0.02,"y":0.05}}]},{"name":"effects stop","display":[{"name":"__dbTextures/playerSmall/effects stop_43","transform":{"x":-4.95,"y":-2.85}},{"name":"__dbTextures/playerSmall/effects stop_44","transform":{"x":-27.97,"y":-4.7}},{"name":"__dbTextures/playerSmall/effects stop_45","transform":{"x":-30.37,"y":-7.6}},{"name":"__dbTextures/playerSmall/effects stop_46","transform":{"x":-34.75,"y":-8.95}},{"name":"__dbTextures/playerSmall/effects stop_47","transform":{"x":-36.75,"y":-6.95}},{"name":"__dbTextures/playerSmall/effects stop_48","transform":{"x":-34.58,"y":-7.75}},{"name":"__dbTextures/playerSmall/effects stop_49","transform":{"x":-5.77,"y":-4.78}},{"name":"__dbTextures/playerSmall/effects stop_50","transform":{"x":-6.92,"y":-4.37}}]}]}],"animation":[{"duration":23,"playTimes":0,"name":"idle","bone":[{"name":"body","translateFrame":[{"tweenEasing":0},{"duration":8,"tweenEasing":1},{"duration":10,"tweenEasing":-1,"y":-2.47},{"duration":4,"tweenEasing":-1,"y":0.65}],"scaleFrame":[{"tweenEasing":0},{"duration":8,"tweenEasing":1},{"duration":10,"tweenEasing":-1,"y":1.0566},{"duration":4,"tweenEasing":-1,"y":0.9675}]},{"name":"head","translateFrame":[{"tweenEasing":0},{"duration":8,"tweenEasing":1},{"duration":10,"tweenEasing":-1,"y":-3.1},{"duration":4,"tweenEasing":-1,"x":1.65,"y":1.4}],"rotateFrame":[{"tweenEasing":0},{"duration":8,"tweenEasing":1},{"duration":10,"tweenEasing":-1,"rotate":-4.2},{"duration":4,"tweenEasing":-1,"rotate":2.22}],"scaleFrame":[{"duration":23}]},{"name":"left hand","translateFrame":[{"tweenEasing":0},{"duration":8,"tweenEasing":1},{"duration":10,"tweenEasing":-1,"x":1.2,"y":-1.7},{"duration":4,"tweenEasing":-1,"x":-2.41}],"rotateFrame":[{"tweenEasing":0},{"duration":8,"tweenEasing":1},{"duration":10,"tweenEasing":-1,"rotate":-15},{"duration":4,"tweenEasing":-1,"rotate":15}],"scaleFrame":[{"duration":23}]},{"name":"left leg","scaleFrame":[{"duration":23,"tweenEasing":0}]},{"name":"right leg","scaleFrame":[{"duration":23,"tweenEasing":0}]},{"name":"right hand","translateFrame":[{"duration":9,"tweenEasing":1},{"duration":10,"tweenEasing":-1,"x":-1.2,"y":-1.7},{"duration":4,"tweenEasing":-1,"x":1.6,"y":0.33}],"rotateFrame":[{"duration":9,"tweenEasing":1},{"duration":10,"tweenEasing":-1,"rotate":15},{"duration":4,"tweenEasing":-1,"rotate":-15}],"scaleFrame":[{"duration":23}]}],"slot":[{"name":"left leg","colorFrame":[{"duration":23,"tweenEasing":0,"value":{"rM":85,"gM":85,"bM":85}}]},{"name":"tears","displayFrame":[{"value":-1}]},{"name":"effects stop","displayFrame":[{"value":-1}]}]},{"duration":19,"playTimes":0,"name":"run","bone":[{"name":"body","translateFrame":[{"duration":5,"tweenEasing":1},{"duration":4,"tweenEasing":-1,"y":-13.78},{"duration":5,"tweenEasing":1,"y":2.65},{"duration":4,"tweenEasing":-1,"y":-13.78},{"tweenEasing":0,"y":2.65}],"scaleFrame":[{"duration":19}]},{"name":"head","translateFrame":[{"duration":5,"tweenEasing":1},{"duration":4,"tweenEasing":-1,"x":-0.02,"y":-14.88},{"duration":5,"tweenEasing":1,"x":5.73,"y":7.72},{"duration":4,"tweenEasing":-1,"x":-0.02,"y":-14.88},{"tweenEasing":0,"x":3.55,"y":7.72}],"rotateFrame":[{"duration":5,"tweenEasing":1},{"duration":4,"tweenEasing":-1,"rotate":-9.19},{"duration":5,"tweenEasing":1,"rotate":6.21},{"duration":4,"tweenEasing":-1,"rotate":-9.19},{"tweenEasing":0,"rotate":6.21}],"scaleFrame":[{"duration":19}]},{"name":"left hand","translateFrame":[{"duration":5,"tweenEasing":1},{"duration":4,"tweenEasing":-1,"x":11.95,"y":-13.78},{"duration":5,"tweenEasing":1,"y":2.64},{"duration":4,"tweenEasing":-1,"x":-4.23,"y":-9.65},{"tweenEasing":0,"y":2.64}],"rotateFrame":[{"duration":5,"tweenEasing":1},{"duration":4,"tweenEasing":-1,"rotate":-15},{"duration":5,"tweenEasing":1},{"duration":4,"tweenEasing":-1,"rotate":15},{"tweenEasing":0}],"scaleFrame":[{"duration":19}]},{"name":"left leg","translateFrame":[{"duration":5,"tweenEasing":1},{"duration":4,"tweenEasing":-1,"x":20.66,"y":-13.74},{"duration":5,"tweenEasing":1},{"duration":4,"tweenEasing":-1,"x":-24.28,"y":-12.95},{"tweenEasing":0}],"rotateFrame":[{"duration":5,"tweenEasing":1},{"duration":4,"tweenEasing":-1,"rotate":-30},{"duration":5,"tweenEasing":1},{"duration":4,"tweenEasing":-1,"rotate":45},{"tweenEasing":0}],"scaleFrame":[{"duration":19}]},{"name":"right leg","translateFrame":[{"duration":5,"tweenEasing":1},{"duration":4,"tweenEasing":-1,"x":-15.86,"y":-10.24},{"duration":5,"tweenEasing":1},{"duration":4,"tweenEasing":-1,"x":28.58,"y":-16.46},{"tweenEasing":0}],"rotateFrame":[{"duration":5,"tweenEasing":1},{"duration":4,"tweenEasing":-1,"rotate":45},{"duration":5,"tweenEasing":1},{"duration":4,"tweenEasing":-1,"rotate":-30},{"tweenEasing":0}],"scaleFrame":[{"duration":19}]},{"name":"right hand","translateFrame":[{"duration":5,"tweenEasing":1},{"duration":4,"tweenEasing":-1,"x":-13.77,"y":-12.65},{"duration":5,"tweenEasing":1,"x":-0.01,"y":2.63},{"duration":4,"tweenEasing":-1,"x":8.72,"y":-11.57},{"tweenEasing":0,"x":-0.01,"y":2.63}],"rotateFrame":[{"duration":5,"tweenEasing":1},{"duration":4,"tweenEasing":-1,"rotate":30},{"duration":5,"tweenEasing":1},{"duration":4,"tweenEasing":-1,"rotate":-30},{"tweenEasing":0}],"scaleFrame":[{"duration":19}]}],"slot":[{"name":"left leg","colorFrame":[{"duration":19,"value":{"rM":85,"gM":85,"bM":85}}]},{"name":"tears","displayFrame":[{"value":-1}]},{"name":"effects stop","displayFrame":[{"value":-1}]}]},{"duration":10,"name":"stop","bone":[{"name":"body","translateFrame":[{"duration":7,"tweenEasing":1},{"duration":2,"tweenEasing":0,"x":29.91,"y":-4.16},{"tweenEasing":0}],"rotateFrame":[{"duration":7,"tweenEasing":1},{"duration":2,"tweenEasing":0,"rotate":-5.22},{"tweenEasing":0}],"scaleFrame":[{"duration":10}]},{"name":"head","translateFrame":[{"duration":7,"tweenEasing":1},{"duration":2,"tweenEasing":0,"x":19.11,"y":-3.77},{"tweenEasing":0}],"rotateFrame":[{"duration":7,"tweenEasing":1},{"duration":2,"tweenEasing":0,"rotate":-12.53},{"tweenEasing":0}],"scaleFrame":[{"duration":10}]},{"name":"left hand","translateFrame":[{"duration":7,"tweenEasing":1},{"duration":2,"tweenEasing":0,"x":25.33,"y":-5.11},{"tweenEasing":0}],"rotateFrame":[{"duration":7,"tweenEasing":1},{"duration":2,"tweenEasing":0,"rotate":-5.22},{"tweenEasing":0}],"scaleFrame":[{"duration":10}]},{"name":"left leg","translateFrame":[{"duration":7,"tweenEasing":1},{"duration":2,"tweenEasing":0,"x":44.98,"y":-10.76},{"tweenEasing":0}],"rotateFrame":[{"duration":7,"tweenEasing":1},{"duration":2,"tweenEasing":0,"rotate":-54.22},{"tweenEasing":0}],"scaleFrame":[{"duration":10}]},{"name":"right leg","translateFrame":[{"duration":7,"tweenEasing":1},{"duration":2,"tweenEasing":0,"x":31.51,"y":-4.04},{"tweenEasing":0}],"rotateFrame":[{"duration":7,"tweenEasing":1},{"duration":2,"tweenEasing":0,"rotate":-15},{"tweenEasing":0}],"scaleFrame":[{"duration":10}]},{"name":"right hand","translateFrame":[{"duration":7,"tweenEasing":1},{"tweenEasing":0,"x":20.88,"y":-1.88},{"tweenEasing":0,"x":20.88,"y":-1.88},{"tweenEasing":0}],"rotateFrame":[{"duration":7,"tweenEasing":1},{"tweenEasing":0,"rotate":24.78},{"tweenEasing":0,"rotate":24.78},{"tweenEasing":0}],"scaleFrame":[{"duration":10}]},{"name":"effects stop","translateFrame":[{"tweenEasing":0,"x":8.47,"y":2.17},{"tweenEasing":0},{"tweenEasing":0,"x":25.32,"y":-2.28},{"tweenEasing":0,"x":33.22,"y":-4.73},{"tweenEasing":0,"x":37.07,"y":-6.26},{"tweenEasing":0,"x":39.47,"y":-7.55},{"tweenEasing":0,"x":45.62,"y":-9.5},{"tweenEasing":0,"x":75.94,"y":-12.75},{"x":76.02,"y":-14.25},{"tweenEasing":0,"x":8.47,"y":2.17}],"scaleFrame":[{"duration":10}]}],"slot":[{"name":"left leg","colorFrame":[{"duration":10,"value":{"rM":85,"gM":85,"bM":85}}]},{"name":"effects stop","displayFrame":[{"value":-1},{},{"value":1},{"value":2},{"value":3},{"value":4},{"value":5},{"value":6},{"value":7},{"value":-1}]},{"name":"tears","displayFrame":[{"value":-1}]}]},{"duration":6,"name":"jump","bone":[{"name":"body","translateFrame":[{"duration":5,"tweenEasing":0,"x":1.95,"y":-3.2},{"tweenEasing":0,"x":6.38,"y":-28.59}],"scaleFrame":[{"duration":5,"tweenEasing":0,"y":1.0209},{"tweenEasing":0,"y":1.238}]},{"name":"head","translateFrame":[{"duration":5,"tweenEasing":0,"x":5.86,"y":0.3},{"tweenEasing":0,"x":6.63,"y":-37.33}],"rotateFrame":[{"duration":5,"tweenEasing":0,"rotate":1.28,"skew":0.52},{"tweenEasing":0,"rotate":-6.56,"skew":0.01}],"scaleFrame":[{"duration":5,"tweenEasing":0,"x":0.9994,"y":0.948},{"tweenEasing":0,"x":0.9996,"y":0.9981}]},{"name":"left hand","translateFrame":[{"duration":5,"tweenEasing":0,"x":2.64,"y":-1.34},{"tweenEasing":0,"x":14.99,"y":-21.63}],"rotateFrame":[{"duration":5,"tweenEasing":0,"rotate":9.57,"skew":1.7},{"tweenEasing":0,"rotate":0.26,"skew":0.01}],"scaleFrame":[{"duration":5,"tweenEasing":0,"x":0.996,"y":0.9508},{"tweenEasing":0,"x":0.9999,"y":0.9986}]},{"name":"left leg","translateFrame":[{"duration":5,"tweenEasing":0,"x":1.55,"y":-3.01},{"tweenEasing":0,"x":5.09,"y":-11.71}],"rotateFrame":[{"duration":5,"tweenEasing":0,"rotate":22.33},{"tweenEasing":0,"rotate":73.48}],"scaleFrame":[{"duration":5,"tweenEasing":0,"x":0.9986,"y":0.9117},{"tweenEasing":0,"x":0.9991,"y":0.9965}]},{"name":"right leg","translateFrame":[{"duration":5,"tweenEasing":0,"x":-0.45,"y":-2.02},{"tweenEasing":0,"x":-1.51,"y":-8.47}],"rotateFrame":[{"duration":5,"tweenEasing":0,"rotate":26.84},{"tweenEasing":0,"rotate":88.23}],"scaleFrame":[{"duration":5,"tweenEasing":0,"x":0.9987,"y":0.9118},{"tweenEasing":0,"x":0.9999,"y":0.9973}]},{"name":"right hand","translateFrame":[{"duration":5,"tweenEasing":0,"x":3.08,"y":-2.37},{"tweenEasing":0,"x":2.61,"y":-22.72}],"rotateFrame":[{"duration":5,"tweenEasing":0,"rotate":-10.7},{"tweenEasing":0,"rotate":-0.44}],"scaleFrame":[{"duration":5,"tweenEasing":0,"x":0.9995,"y":0.9995},{"tweenEasing":0,"x":0.9992,"y":0.9992}]}],"slot":[{"name":"left leg","colorFrame":[{"duration":6,"value":{"rM":85,"gM":85,"bM":85}}]},{"name":"tears","displayFrame":[{"value":-1}]},{"name":"effects stop","displayFrame":[{"value":-1}]}]},{"name":"fly","bone":[{"name":"body","translateFrame":[{"tweenEasing":0,"x":6.5,"y":-29.34}],"scaleFrame":[{"tweenEasing":0,"y":1.2445}]},{"name":"head","translateFrame":[{"tweenEasing":0,"x":6.65,"y":-38.4}],"rotateFrame":[{"tweenEasing":0,"rotate":-6.96}],"scaleFrame":[{"tweenEasing":0}]},{"name":"left hand","translateFrame":[{"tweenEasing":0,"x":15.37,"y":-22.2}],"scaleFrame":[{"tweenEasing":0}]},{"name":"left leg","translateFrame":[{"tweenEasing":0,"x":5.19,"y":-11.96}],"rotateFrame":[{"tweenEasing":0,"rotate":75}],"scaleFrame":[{"tweenEasing":0}]},{"name":"right leg","translateFrame":[{"tweenEasing":0,"x":-1.55,"y":-8.67}],"rotateFrame":[{"tweenEasing":0,"rotate":88}],"scaleFrame":[{"tweenEasing":0}]},{"name":"right hand","translateFrame":[{"tweenEasing":0,"x":2.56,"y":-23.31}],"scaleFrame":[{"tweenEasing":0}]}],"slot":[{"name":"left leg","colorFrame":[{"tweenEasing":0,"value":{"rM":85,"gM":85,"bM":85}}]},{"name":"tears","displayFrame":[{"value":-1}]},{"name":"effects stop","displayFrame":[{"value":-1}]}]},{"duration":7,"name":"landing","bone":[{"name":"body","translateFrame":[{"duration":4,"tweenEasing":0,"x":7.61,"y":-12.34},{"duration":2,"tweenEasing":0,"y":6.52},{"tweenEasing":0}],"rotateFrame":[{"duration":4,"tweenEasing":0,"rotate":-10.01},{"duration":3}],"scaleFrame":[{"duration":4,"tweenEasing":0,"y":1.2445},{"duration":3}]},{"name":"head","translateFrame":[{"duration":4,"tweenEasing":0,"x":3.16,"y":-14.87},{"duration":2,"tweenEasing":0,"x":5.48,"y":11.95},{"tweenEasing":0}],"rotateFrame":[{"duration":4,"tweenEasing":0,"rotate":-1.97},{"duration":2,"tweenEasing":0,"rotate":5.25},{"tweenEasing":0}],"scaleFrame":[{"duration":7}]},{"name":"left hand","translateFrame":[{"duration":4,"tweenEasing":0,"x":8.72,"y":-21.65},{"duration":2,"tweenEasing":0,"x":-2.78,"y":6.17},{"tweenEasing":0}],"rotateFrame":[{"duration":4,"tweenEasing":0,"rotate":-40.01},{"duration":2,"tweenEasing":0,"rotate":15},{"tweenEasing":0}],"scaleFrame":[{"duration":7}]},{"name":"left leg","translateFrame":[{"duration":4,"tweenEasing":0,"x":25.13,"y":-23.6},{"duration":2,"tweenEasing":0,"x":-0.02,"y":0.83},{"tweenEasing":0}],"rotateFrame":[{"duration":4,"tweenEasing":0,"rotate":4.99,"skew":-0.01},{"duration":3}],"scaleFrame":[{"duration":4,"tweenEasing":0},{"duration":2,"tweenEasing":0,"y":0.8759},{"tweenEasing":0}]},{"name":"right leg","translateFrame":[{"duration":4,"tweenEasing":0,"x":18.4,"y":-6.25},{"duration":2,"tweenEasing":0,"x":0.03,"y":0.83},{"tweenEasing":0}],"rotateFrame":[{"duration":4,"tweenEasing":0,"rotate":19.99},{"duration":3}],"scaleFrame":[{"duration":4,"tweenEasing":0},{"duration":2,"tweenEasing":0,"y":0.8759},{"tweenEasing":0}]},{"name":"right hand","translateFrame":[{"duration":4,"tweenEasing":0,"x":12.26,"y":-2.24},{"duration":2,"tweenEasing":0,"x":3.26,"y":6.51},{"tweenEasing":0}],"rotateFrame":[{"duration":4,"tweenEasing":0,"rotate":-55.02},{"duration":2,"tweenEasing":0,"rotate":-15},{"tweenEasing":0}],"scaleFrame":[{"duration":7}]}],"slot":[{"name":"left leg","colorFrame":[{"duration":7,"value":{"rM":85,"gM":85,"bM":85}}]},{"name":"tears","displayFrame":[{"value":-1}]},{"name":"effects stop","displayFrame":[{"value":-1}]}]},{"name":"freeze","bone":[{"name":"body","scaleFrame":[{"tweenEasing":0}]},{"name":"head","scaleFrame":[{"tweenEasing":0}]},{"name":"left hand","scaleFrame":[{"tweenEasing":0}]},{"name":"left leg","scaleFrame":[{"tweenEasing":0}]},{"name":"right leg","scaleFrame":[{"tweenEasing":0}]},{"name":"right hand","scaleFrame":[{"tweenEasing":0}]}],"slot":[{"name":"left leg","colorFrame":[{"tweenEasing":0,"value":{"rM":85,"gM":85,"bM":85}}]},{"name":"tears","displayFrame":[{"value":-1}]},{"name":"effects stop","displayFrame":[{"value":-1}]}]},{"duration":14,"name":"sad","bone":[{"name":"body","scaleFrame":[{"duration":14}]},{"name":"head","translateFrame":[{"duration":3,"tweenEasing":0},{"duration":11,"x":20.51,"y":9.96}],"rotateFrame":[{"duration":3,"tweenEasing":0},{"duration":11,"rotate":30}],"scaleFrame":[{"duration":14}]},{"name":"left hand","translateFrame":[{"duration":3,"tweenEasing":0},{"duration":11,"x":0.15,"y":9.45}],"scaleFrame":[{"duration":14}]},{"name":"left leg","scaleFrame":[{"duration":14}]},{"name":"right leg","scaleFrame":[{"duration":14}]},{"name":"right hand","translateFrame":[{"duration":3,"tweenEasing":0},{"duration":11,"y":8.2}],"scaleFrame":[{"duration":14}]},{"name":"tears","translateFrame":[{"duration":3,"tweenEasing":0},{"duration":11,"x":15.5,"y":15.48}],"rotateFrame":[{"duration":3,"tweenEasing":0},{"duration":11,"rotate":30}],"scaleFrame":[{"duration":14}]}],"slot":[{"name":"left leg","colorFrame":[{"duration":14,"value":{"rM":85,"gM":85,"bM":85}}]},{"name":"effects stop","displayFrame":[{"value":-1}]}]},{"duration":19,"playTimes":0,"name":"happines","frame":[{"duration":18},{}],"bone":[{"name":"body","translateFrame":[{"duration":2,"tweenEasing":0},{"duration":6,"tweenEasing":1,"x":-0.6,"y":6.28},{"duration":8,"tweenEasing":-1,"y":-38},{"duration":2,"tweenEasing":0,"x":-0.6,"y":6.28},{"tweenEasing":0}],"rotateFrame":[{"duration":2,"tweenEasing":0},{"duration":6,"tweenEasing":1,"rotate":4.19},{"duration":8,"tweenEasing":-1},{"duration":2,"tweenEasing":0,"rotate":4.19},{"tweenEasing":0}],"scaleFrame":[{"duration":19}]},{"name":"head","translateFrame":[{"duration":2,"tweenEasing":0},{"duration":6,"tweenEasing":1,"x":7.81,"y":12.66},{"duration":8,"tweenEasing":-1,"x":-9.64,"y":-37.97},{"duration":2,"tweenEasing":0,"x":7.81,"y":12.66},{"tweenEasing":0}],"rotateFrame":[{"duration":2,"tweenEasing":0},{"duration":6,"tweenEasing":1,"rotate":12.65},{"duration":8,"tweenEasing":-1,"rotate":-21.25},{"duration":2,"tweenEasing":0,"rotate":12.65},{"tweenEasing":0}],"scaleFrame":[{"duration":19}]},{"name":"left hand","translateFrame":[{"duration":2,"tweenEasing":0},{"duration":6,"tweenEasing":1,"x":0.9,"y":8},{"duration":8,"tweenEasing":-1,"x":17.73,"y":-60.46},{"duration":2,"tweenEasing":0,"x":0.9,"y":8},{"tweenEasing":0}],"rotateFrame":[{"duration":2,"tweenEasing":0},{"duration":6,"tweenEasing":1},{"duration":8,"tweenEasing":-1,"rotate":-45},{"duration":3}],"scaleFrame":[{"duration":19}]},{"name":"left leg","translateFrame":[{"duration":2,"tweenEasing":0},{"duration":6,"tweenEasing":1},{"duration":8,"tweenEasing":-1,"x":3.98,"y":-24.27},{"duration":3}],"rotateFrame":[{"duration":2,"tweenEasing":0},{"duration":6,"tweenEasing":1},{"duration":8,"tweenEasing":-1,"rotate":60},{"duration":3}],"scaleFrame":[{"duration":19}]},{"name":"right leg","translateFrame":[{"duration":2,"tweenEasing":0},{"duration":6,"tweenEasing":1},{"duration":8,"tweenEasing":-1,"x":-0.36,"y":-28.64},{"duration":3}],"rotateFrame":[{"duration":2,"tweenEasing":0},{"duration":6,"tweenEasing":1},{"duration":8,"tweenEasing":-1,"rotate":60},{"duration":3}],"scaleFrame":[{"duration":19}]},{"name":"right hand","translateFrame":[{"duration":2,"tweenEasing":0},{"duration":6,"tweenEasing":1,"x":-3.51,"y":4.08},{"duration":8,"tweenEasing":-1,"x":-19.46,"y":-55.53},{"duration":2,"tweenEasing":0,"x":-3.51,"y":4.08},{"tweenEasing":0}],"rotateFrame":[{"duration":2,"tweenEasing":0},{"duration":6,"tweenEasing":1},{"duration":8,"tweenEasing":-1,"rotate":60},{"duration":3}],"scaleFrame":[{"duration":19}]}],"slot":[{"name":"left leg","colorFrame":[{"duration":19,"value":{"rM":85,"gM":85,"bM":85}}]},{"name":"tears","displayFrame":[{"value":-1}]},{"name":"effects stop","displayFrame":[{"value":-1}]}]}]},{"name":"BodyDB","bone":[{"inheritScale":false,"name":"Layer 2"}],"slot":[{"name":"Layer 2","parent":"Layer 2"}],"skin":[{"slot":[{"name":"Layer 2","display":[{"name":"Body0"},{"name":"Body23"},{"name":"Body4"},{"name":"Body7"},{"name":"Body3"},{"name":"Body24"},{"name":"Body5"},{"name":"Body6"},{"name":"girlBo0"},{"name":"girlBo2"},{"name":"girlBo3"},{"name":"girlBo4"},{"name":"girlBo5"},{"name":"girlBo332"},{"name":"girlBo1"},{"name":"girlBo7"},{"name":"snailBody","transform":{"x":0.03}}]}]}],"animation":[{"name":"body1","bone":[{"name":"Layer 2","scaleFrame":[{"tweenEasing":0}]}]},{"name":"body2","bone":[{"name":"Layer 2","translateFrame":[{"tweenEasing":0,"x":-1.1,"y":-0.25}],"scaleFrame":[{"tweenEasing":0}]}],"slot":[{"name":"Layer 2","displayFrame":[{"value":1}]}]},{"name":"body3","bone":[{"name":"Layer 2","scaleFrame":[{"tweenEasing":0}]}],"slot":[{"name":"Layer 2","displayFrame":[{"value":2}]}]},{"name":"body4","bone":[{"name":"Layer 2","translateFrame":[{"tweenEasing":0,"y":-0.02}],"scaleFrame":[{"tweenEasing":0}]}],"slot":[{"name":"Layer 2","displayFrame":[{"value":3}]}]},{"name":"body5","bone":[{"name":"Layer 2","translateFrame":[{"tweenEasing":0,"y":-0.02}],"scaleFrame":[{"tweenEasing":0}]}],"slot":[{"name":"Layer 2","displayFrame":[{"value":4}]}]},{"name":"body6","bone":[{"name":"Layer 2","translateFrame":[{"tweenEasing":0,"x":-1.1,"y":-0.25}],"scaleFrame":[{"tweenEasing":0}]}],"slot":[{"name":"Layer 2","displayFrame":[{"value":5}]}]},{"name":"body7","bone":[{"name":"Layer 2","scaleFrame":[{"tweenEasing":0}]}],"slot":[{"name":"Layer 2","displayFrame":[{"value":6}]}]},{"name":"body8","bone":[{"name":"Layer 2","scaleFrame":[{"tweenEasing":0}]}],"slot":[{"name":"Layer 2","displayFrame":[{"value":7}]}]},{"name":"body9","bone":[{"name":"Layer 2","translateFrame":[{"tweenEasing":0,"y":-0.02}],"scaleFrame":[{"tweenEasing":0}]}],"slot":[{"name":"Layer 2","displayFrame":[{"value":8}]}]},{"name":"body10","bone":[{"name":"Layer 2","translateFrame":[{"tweenEasing":0,"y":-0.02}],"scaleFrame":[{"tweenEasing":0}]}],"slot":[{"name":"Layer 2","displayFrame":[{"value":9}]}]},{"name":"body11","bone":[{"name":"Layer 2","translateFrame":[{"tweenEasing":0,"y":-0.02}],"scaleFrame":[{"tweenEasing":0}]}],"slot":[{"name":"Layer 2","displayFrame":[{"value":10}]}]},{"name":"body12","bone":[{"name":"Layer 2","translateFrame":[{"tweenEasing":0,"y":-0.02}],"scaleFrame":[{"tweenEasing":0}]}],"slot":[{"name":"Layer 2","displayFrame":[{"value":11}]}]},{"name":"body13","bone":[{"name":"Layer 2","translateFrame":[{"tweenEasing":0,"y":-0.02}],"scaleFrame":[{"tweenEasing":0}]}],"slot":[{"name":"Layer 2","displayFrame":[{"value":12}]}]},{"name":"body14","bone":[{"name":"Layer 2","translateFrame":[{"tweenEasing":0,"y":-0.02}],"scaleFrame":[{"tweenEasing":0}]}],"slot":[{"name":"Layer 2","displayFrame":[{"value":13}]}]},{"name":"body15","bone":[{"name":"Layer 2","translateFrame":[{"tweenEasing":0,"y":-0.02}],"scaleFrame":[{"tweenEasing":0}]}],"slot":[{"name":"Layer 2","displayFrame":[{"value":14}]}]},{"name":"body16","bone":[{"name":"Layer 2","translateFrame":[{"tweenEasing":0,"y":-0.02}],"scaleFrame":[{"tweenEasing":0}]}],"slot":[{"name":"Layer 2","displayFrame":[{"value":15}]}]},{"name":"body17","bone":[{"name":"Layer 2","translateFrame":[{"tweenEasing":0,"y":-0.02}],"scaleFrame":[{"tweenEasing":0}]}],"slot":[{"name":"Layer 2","displayFrame":[{"value":9}]}]},{"name":"snail","bone":[{"name":"Layer 2","translateFrame":[{"tweenEasing":0,"x":-3.67,"y":6.63}],"scaleFrame":[{"tweenEasing":0}]}],"slot":[{"name":"Layer 2","displayFrame":[{"value":16}]}]}]},{"name":"HeadDB","bone":[{"inheritScale":false,"name":"head","transform":{"x":-0.5,"y":-5.35}},{"inheritScale":false,"name":"soother","transform":{"x":8.5,"y":27.5}}],"slot":[{"name":"head","parent":"head"},{"name":"soother","parent":"soother"}],"skin":[{"slot":[{"name":"head","display":[{"name":"nishikori","transform":{"x":0.03}},{"name":"nadal"},{"name":"davidFerrer"},{"name":"tomas_berdych"},{"name":"warwinka"},{"name":"federer","transform":{"x":0.03}},{"name":"murray"},{"name":"djokovich"},{"name":"headGirl0"},{"name":"headGirl1"},{"name":"headGirl2"},{"name":"headGirl3"},{"name":"headGirl4"},{"name":"headGirl5"},{"name":"headGirl6"},{"name":"headGirl7"},{"name":"emma"}]},{"name":"soother","display":[{"type":"armature","name":"Soother01"}]}]}],"animation":[{"name":"head1","bone":[{"name":"head","scaleFrame":[{"tweenEasing":0}]},{"name":"soother","scaleFrame":[{"tweenEasing":0}]}]},{"name":"head2","bone":[{"name":"head","translateFrame":[{"tweenEasing":0,"x":0.35,"y":0.35}],"scaleFrame":[{"tweenEasing":0}]},{"name":"soother","scaleFrame":[{"duration":16,"tweenEasing":0}]}],"slot":[{"name":"head","displayFrame":[{"value":1}]}]},{"name":"head3","bone":[{"name":"head","translateFrame":[{"tweenEasing":0,"x":-3.15,"y":1.23}],"scaleFrame":[{"tweenEasing":0}]},{"name":"soother","scaleFrame":[{"duration":15,"tweenEasing":0}]}],"slot":[{"name":"head","displayFrame":[{"value":2}]}]},{"name":"head4","bone":[{"name":"head","translateFrame":[{"tweenEasing":0,"x":4.85,"y":-4.17}],"scaleFrame":[{"tweenEasing":0}]},{"name":"soother","scaleFrame":[{"duration":14,"tweenEasing":0}]}],"slot":[{"name":"head","displayFrame":[{"value":3}]}]},{"name":"head5","bone":[{"name":"head","translateFrame":[{"tweenEasing":0,"x":-0.5,"y":-0.52}],"scaleFrame":[{"tweenEasing":0}]},{"name":"soother","scaleFrame":[{"duration":13,"tweenEasing":0}]}],"slot":[{"name":"head","displayFrame":[{"value":4}]}]},{"name":"head6","bone":[{"name":"head","translateFrame":[{"tweenEasing":0,"x":-0.27,"y":2.25}],"scaleFrame":[{"tweenEasing":0}]},{"name":"soother","scaleFrame":[{"duration":12,"tweenEasing":0}]}],"slot":[{"name":"head","displayFrame":[{"value":5}]}]},{"name":"head7","bone":[{"name":"head","translateFrame":[{"tweenEasing":0,"x":0.5,"y":1.78}],"scaleFrame":[{"tweenEasing":0}]},{"name":"soother","scaleFrame":[{"duration":11,"tweenEasing":0}]}],"slot":[{"name":"head","displayFrame":[{"value":6}]}]},{"name":"head8","bone":[{"name":"head","translateFrame":[{"tweenEasing":0,"x":-2.37,"y":0.35}],"scaleFrame":[{"tweenEasing":0}]},{"name":"soother","scaleFrame":[{"duration":10,"tweenEasing":0}]}],"slot":[{"name":"head","displayFrame":[{"value":7}]}]},{"name":"head9","bone":[{"name":"head","translateFrame":[{"tweenEasing":0,"x":2.03,"y":6.98}],"scaleFrame":[{"tweenEasing":0}]},{"name":"soother","scaleFrame":[{"duration":9,"tweenEasing":0}]}],"slot":[{"name":"head","displayFrame":[{"value":8}]}]},{"name":"head10","bone":[{"name":"head","translateFrame":[{"tweenEasing":0,"x":1.98,"y":7.7}],"scaleFrame":[{"tweenEasing":0}]},{"name":"soother","scaleFrame":[{"duration":8,"tweenEasing":0}]}],"slot":[{"name":"head","displayFrame":[{"value":9}]}]},{"name":"head11","bone":[{"name":"head","translateFrame":[{"tweenEasing":0,"x":-0.45,"y":8.48}],"scaleFrame":[{"tweenEasing":0}]},{"name":"soother","scaleFrame":[{"duration":7,"tweenEasing":0}]}],"slot":[{"name":"head","displayFrame":[{"value":10}]}]},{"name":"head12","bone":[{"name":"head","translateFrame":[{"tweenEasing":0,"x":2.95,"y":6.95}],"scaleFrame":[{"tweenEasing":0}]},{"name":"soother","scaleFrame":[{"duration":6,"tweenEasing":0}]}],"slot":[{"name":"head","displayFrame":[{"value":11}]}]},{"name":"head13","bone":[{"name":"head","translateFrame":[{"tweenEasing":0,"x":2.73,"y":6.65}],"scaleFrame":[{"tweenEasing":0}]},{"name":"soother","scaleFrame":[{"duration":5,"tweenEasing":0}]}],"slot":[{"name":"head","displayFrame":[{"value":12}]}]},{"name":"head14","bone":[{"name":"head","translateFrame":[{"tweenEasing":0,"x":2.95,"y":6.4}],"scaleFrame":[{"tweenEasing":0}]},{"name":"soother","scaleFrame":[{"duration":4,"tweenEasing":0}]}],"slot":[{"name":"head","displayFrame":[{"value":13}]}]},{"name":"head15","bone":[{"name":"head","translateFrame":[{"tweenEasing":0,"x":2.75,"y":6.28}],"scaleFrame":[{"tweenEasing":0}]},{"name":"soother","scaleFrame":[{"duration":3,"tweenEasing":0}]}],"slot":[{"name":"head","displayFrame":[{"value":14}]}]},{"name":"head16","bone":[{"name":"head","translateFrame":[{"tweenEasing":0,"x":3.3,"y":6.55}],"scaleFrame":[{"tweenEasing":0}]},{"name":"soother","scaleFrame":[{"duration":2,"tweenEasing":0}]}],"slot":[{"name":"head","displayFrame":[{"value":15}]}]},{"name":"head17","bone":[{"name":"head","translateFrame":[{"tweenEasing":0,"x":2.73,"y":12.1}],"scaleFrame":[{"tweenEasing":0}]},{"name":"soother","scaleFrame":[{"tweenEasing":0}]}],"slot":[{"name":"head","displayFrame":[{"value":16}]}]},{"name":"empty","slot":[{"name":"head","displayFrame":[{"value":-1}]},{"name":"soother","displayFrame":[{"value":-1}]}]}]},{"name":"LeftHandDB","bone":[{"inheritScale":false,"name":"Layer 2","transform":{"x":3.3,"y":2.23}}],"slot":[{"name":"Layer 2","parent":"Layer 2"}],"skin":[{"slot":[{"name":"Layer 2","display":[{"name":"LeftHand11"},{"name":"LeftHand22"},{"name":"LeftHand00"}]}]}],"animation":[{"name":"hand1","bone":[{"name":"Layer 2","scaleFrame":[{"tweenEasing":0}]}]},{"name":"hand2","bone":[{"name":"Layer 2","scaleFrame":[{"tweenEasing":0}]}],"slot":[{"name":"Layer 2","displayFrame":[{"value":1}]}]},{"name":"hand3","bone":[{"name":"Layer 2","translateFrame":[{"tweenEasing":0,"x":-0.02,"y":-0.03}],"scaleFrame":[{"tweenEasing":0}]}],"slot":[{"name":"Layer 2","displayFrame":[{"value":2}]}]}]},{"name":"RightLegDB","bone":[{"inheritScale":false,"name":"Layer 2","transform":{"x":-0.02,"y":-0.02}}],"slot":[{"name":"Layer 2","parent":"Layer 2"}],"skin":[{"slot":[{"name":"Layer 2","display":[{"name":"lege11"},{"name":"legR0"},{"name":"leg22"},{"name":"leg33"},{"name":"leg124"},{"name":"legG0"},{"name":"legG1"},{"name":"legG2"},{"name":"legG3"},{"name":"legG4"},{"name":"legG5"},{"name":"legG6"}]}]}],"animation":[{"name":"leg1","bone":[{"name":"Layer 2","scaleFrame":[{"tweenEasing":0}]}]},{"name":"leg2","bone":[{"name":"Layer 2","scaleFrame":[{"tweenEasing":0}]}],"slot":[{"name":"Layer 2","displayFrame":[{"value":1}]}]},{"name":"leg3","bone":[{"name":"Layer 2","scaleFrame":[{"tweenEasing":0}]}],"slot":[{"name":"Layer 2","displayFrame":[{"value":2}]}]},{"name":"leg4","bone":[{"name":"Layer 2","scaleFrame":[{"tweenEasing":0}]}],"slot":[{"name":"Layer 2","displayFrame":[{"value":3}]}]},{"name":"leg5","bone":[{"name":"Layer 2","translateFrame":[{"tweenEasing":0,"y":0.02}],"scaleFrame":[{"tweenEasing":0}]}],"slot":[{"name":"Layer 2","displayFrame":[{"value":4}]}]},{"name":"leg6","bone":[{"name":"Layer 2","translateFrame":[{"tweenEasing":0,"x":0.02}],"scaleFrame":[{"tweenEasing":0}]}],"slot":[{"name":"Layer 2","displayFrame":[{"value":5}]}]},{"name":"leg7","bone":[{"name":"Layer 2","translateFrame":[{"tweenEasing":0,"x":0.02}],"scaleFrame":[{"tweenEasing":0}]}],"slot":[{"name":"Layer 2","displayFrame":[{"value":6}]}]},{"name":"leg8","bone":[{"name":"Layer 2","translateFrame":[{"tweenEasing":0,"x":0.02}],"scaleFrame":[{"tweenEasing":0}]}],"slot":[{"name":"Layer 2","displayFrame":[{"value":7}]}]},{"name":"leg9","bone":[{"name":"Layer 2","translateFrame":[{"tweenEasing":0,"x":0.02}],"scaleFrame":[{"tweenEasing":0}]}],"slot":[{"name":"Layer 2","displayFrame":[{"value":8}]}]},{"name":"leg10","bone":[{"name":"Layer 2","translateFrame":[{"tweenEasing":0,"x":0.02}],"scaleFrame":[{"tweenEasing":0}]}],"slot":[{"name":"Layer 2","displayFrame":[{"value":9}]}]},{"name":"emmy","bone":[{"name":"Layer 2","translateFrame":[{"tweenEasing":0,"x":0.02}],"scaleFrame":[{"tweenEasing":0}]}],"slot":[{"name":"Layer 2","displayFrame":[{"value":10}]}]},{"name":"empty","bone":[{"name":"Layer 2","translateFrame":[{"tweenEasing":0,"x":0.02}],"scaleFrame":[{"tweenEasing":0}]}],"slot":[{"name":"Layer 2","displayFrame":[{"value":11}]}]},{"name":"empty_0","slot":[{"name":"Layer 2","displayFrame":[{"value":-1}]}]}]},{"name":"RightHandDB","bone":[{"inheritScale":false,"name":"racket","transform":{"x":-0.02}},{"inheritScale":false,"name":"fx","transform":{"x":-33.8,"y":-48.95,"skX":123.4,"skY":134.86,"scX":0.6608,"scY":1.7913}}],"slot":[{"name":"racket","parent":"racket"},{"name":"fx","parent":"fx"}],"skin":[{"slot":[{"name":"racket","display":[{"type":"armature","name":"RacketDB","transform":{"x":0.03}}]},{"name":"fx","display":[{"name":"sled_buts","transform":{"x":0.08,"y":0.03}}]}]}],"animation":[{"name":"idle","bone":[{"name":"racket","scaleFrame":[{"tweenEasing":0}]}],"slot":[{"name":"fx","displayFrame":[{"value":-1}]}]},{"duration":22,"scale":0.7,"name":"hit","frame":[{"duration":2},{"duration":4,"event":"h1"},{"duration":4,"event":"h2"},{"duration":12,"event":"h3"}],"bone":[{"name":"racket","translateFrame":[{"tweenEasing":0},{"tweenEasing":0},{"tweenEasing":0,"x":0.02,"y":0.02},{"tweenEasing":0,"x":-0.01,"y":0.02},{"tweenEasing":0,"x":0.03},{"tweenEasing":0,"x":0.03,"y":-0.01},{"tweenEasing":0,"x":0.02,"y":-0.02},{"tweenEasing":0,"x":0.02},{"tweenEasing":0,"x":0.02},{"tweenEasing":0,"x":0.01,"y":0.02},{"tweenEasing":0,"x":0.02,"y":0.01},{"tweenEasing":0,"x":0.02},{"tweenEasing":0,"x":-0.01,"y":-0.02},{"tweenEasing":0,"x":0.01,"y":-0.01},{"duration":8}],"rotateFrame":[{"tweenEasing":0},{"tweenEasing":0,"rotate":-23.84},{"tweenEasing":0,"rotate":-47.92},{"tweenEasing":0,"rotate":-71.98},{"tweenEasing":0,"rotate":-95.81},{"tweenEasing":0,"rotate":-119.86},{"tweenEasing":0,"rotate":-143.93},{"tweenEasing":0,"rotate":-167.99},{"tweenEasing":0,"rotate":167.99},{"tweenEasing":0,"rotate":143.93},{"tweenEasing":0,"rotate":119.86},{"tweenEasing":0,"rotate":95.81},{"tweenEasing":0,"rotate":71.98},{"tweenEasing":0,"rotate":47.92},{"tweenEasing":0,"rotate":23.84},{"duration":7}],"scaleFrame":[{"tweenEasing":0},{"tweenEasing":0,"x":0.9988,"y":0.9988},{"tweenEasing":0,"x":0.9984,"y":0.9984},{"tweenEasing":0,"x":0.999,"y":0.999},{"tweenEasing":0,"x":0.9997,"y":0.9997},{"tweenEasing":0,"x":0.9986,"y":0.9986},{"tweenEasing":0,"x":0.9984,"y":0.9984},{"tweenEasing":0,"x":0.9993,"y":0.9993},{"tweenEasing":0,"x":0.9993,"y":0.9993},{"tweenEasing":0,"x":0.9984,"y":0.9984},{"tweenEasing":0,"x":0.9986,"y":0.9986},{"tweenEasing":0,"x":0.9997,"y":0.9997},{"tweenEasing":0,"x":0.999,"y":0.999},{"tweenEasing":0,"x":0.9984,"y":0.9984},{"tweenEasing":0,"x":0.9988,"y":0.9988},{"duration":7}]},{"name":"fx","translateFrame":[{"tweenEasing":0},{"tweenEasing":0,"x":-10.71,"y":20.99},{"tweenEasing":0,"x":-21.35,"y":41.91},{"tweenEasing":0,"x":-20.26,"y":65.55},{"tweenEasing":0,"x":-4.23,"y":83.84},{"tweenEasing":0,"x":11.73,"y":102.07},{"tweenEasing":0,"x":34.17,"y":105.02},{"tweenEasing":0,"x":56.71,"y":95.37},{"tweenEasing":0,"x":79.18,"y":85.68},{"tweenEasing":0,"x":88.58,"y":67.9},{"tweenEasing":0,"x":91.25,"y":43.77},{"tweenEasing":0,"x":80.98,"y":20.88},{"tweenEasing":0,"x":70.62,"y":-1.95},{"tweenEasing":0,"x":45.37,"y":-8.53},{"x":20.07,"y":-15.04},{"duration":7,"tweenEasing":0,"x":33.8,"y":48.95}],"rotateFrame":[{"tweenEasing":0,"skew":-11.46},{"tweenEasing":0,"rotate":-25.05,"skew":-7.8},{"tweenEasing":0,"rotate":-49.89,"skew":-4.32},{"tweenEasing":0,"rotate":-72.96,"skew":-4.49},{"tweenEasing":0,"rotate":-96.25,"skew":-4.53},{"tweenEasing":0,"rotate":-119.5,"skew":-4.56},{"tweenEasing":0,"rotate":-144.16,"skew":-5.25},{"tweenEasing":0,"rotate":-168.95,"skew":-6},{"tweenEasing":0,"rotate":166.16,"skew":-6.56},{"tweenEasing":0,"rotate":142.42,"skew":-7.26},{"tweenEasing":0,"rotate":118.82,"skew":-8},{"tweenEasing":0,"rotate":95.03,"skew":-8.75},{"tweenEasing":0,"rotate":71.21,"skew":-9.3},{"tweenEasing":0,"rotate":43.08,"skew":-10.2},{"rotate":14.61,"skew":-10.78},{"duration":7,"tweenEasing":0,"rotate":-134.86}],"scaleFrame":[{"tweenEasing":0},{"tweenEasing":0,"x":1.1381,"y":1.1608},{"tweenEasing":0,"x":1.2786,"y":1.3232},{"tweenEasing":0,"x":1.3497,"y":1.3858},{"tweenEasing":0,"x":1.4212,"y":1.4493},{"tweenEasing":0,"x":1.4973,"y":1.5173},{"tweenEasing":0,"x":1.4462,"y":1.4636},{"tweenEasing":0,"x":1.3939,"y":1.4094},{"tweenEasing":0,"x":1.346,"y":1.3598},{"tweenEasing":0,"x":1.2955,"y":1.3076},{"tweenEasing":0,"x":1.246,"y":1.2554},{"tweenEasing":0,"x":1.1941,"y":1.2018},{"tweenEasing":0,"x":1.1461,"y":1.1522},{"tweenEasing":0,"x":1.0967,"y":1.0999},{"x":1.0475,"y":1.0492},{"duration":7,"tweenEasing":0,"x":1.5134,"y":0.5583}]}],"slot":[{"name":"fx","displayFrame":[{"duration":15},{"duration":7,"value":-1}],"colorFrame":[{"duration":14,"tweenEasing":0,"value":{"aM":50}},{"value":{"aM":50}},{"duration":7,"tweenEasing":0}]}]},{"duration":13,"name":"smash","frame":[{"duration":3},{"event":"s1"},{"duration":9,"event":"s2"}],"bone":[{"name":"racket","translateFrame":[{"duration":2,"tweenEasing":0.99},{"duration":4,"tweenEasing":1,"x":-3.05,"y":2.85},{"duration":6,"tweenEasing":-1,"x":-0.88,"y":-6.92},{"tweenEasing":0}],"rotateFrame":[{"duration":2,"tweenEasing":0.99},{"duration":4,"tweenEasing":1,"rotate":-17.95},{"duration":6,"tweenEasing":-1,"rotate":155.53},{"tweenEasing":0}],"scaleFrame":[{"duration":13}]},{"name":"fx","translateFrame":[{"duration":2,"tweenEasing":0,"x":33.8,"y":48.95},{"tweenEasing":0,"x":-37.01,"y":57.93},{"tweenEasing":0,"x":9.48,"y":-7.68},{"tweenEasing":0,"x":58.1,"y":1.16},{"tweenEasing":0,"x":77.93,"y":20.94},{"tweenEasing":0,"x":86.91,"y":45.53},{"x":89.06,"y":55.71},{"duration":5,"tweenEasing":0,"x":33.8,"y":48.95}],"rotateFrame":[{"duration":2,"tweenEasing":0,"rotate":-134.86},{"tweenEasing":0,"rotate":-29.72,"skew":11.46},{"tweenEasing":0,"rotate":35.25,"skew":6.49},{"tweenEasing":0,"rotate":80.25,"skew":6.49},{"tweenEasing":0,"rotate":115.95,"skew":6.49},{"tweenEasing":0,"rotate":130.95,"skew":6.49},{"rotate":138.68,"skew":6.49},{"duration":5,"tweenEasing":0,"rotate":-134.86}],"scaleFrame":[{"duration":2,"tweenEasing":0,"x":1.5134,"y":0.5583},{"tweenEasing":0,"x":-1},{"duration":4,"tweenEasing":0,"x":-1.767,"y":1.7914},{"x":-1.767,"y":1.7914},{"duration":5,"tweenEasing":0,"x":1.5134,"y":0.5583}]}],"slot":[{"name":"fx","displayFrame":[{"duration":2,"value":-1},{"duration":6},{"duration":5,"value":-1}],"colorFrame":[{"duration":2,"tweenEasing":0},{"duration":4,"tweenEasing":0,"value":{"aM":50}},{"tweenEasing":0,"value":{"aM":50}},{"value":{"aM":33}},{"duration":5,"tweenEasing":0}]}]},{"name":"woRacket","bone":[{"name":"racket","scaleFrame":[{"tweenEasing":0}]}],"slot":[{"name":"racket","colorFrame":[{"tweenEasing":0,"value":{"aM":0}}]},{"name":"fx","displayFrame":[{"value":-1}]}]}]},{"name":"tears_01","bone":[{"inheritScale":false,"name":"Layer 1","transform":{"x":1.55,"y":-2.67}},{"inheritScale":false,"name":"Layer 3","transform":{"x":-4.2,"y":1.3}},{"inheritScale":false,"name":"Layer 2","transform":{"x":2.98,"y":-4.92}}],"slot":[{"name":"Layer 1","parent":"Layer 1"},{"name":"Layer 3","parent":"Layer 3"},{"name":"Layer 2","parent":"Layer 2"}],"skin":[{"slot":[{"name":"Layer 1","display":[{"name":"__dbTextures/tears_01/Layer 1_0","transform":{"x":-23.72,"y":-14.87}},{"name":"__dbTextures/tears_01/Layer 1_1","transform":{"x":-25.75,"y":-18.12}},{"name":"__dbTextures/tears_01/Layer 1_2","transform":{"x":-27.12,"y":-20.27}},{"name":"__dbTextures/tears_01/Layer 1_3","transform":{"x":-27.35,"y":-18.57}},{"name":"__dbTextures/tears_01/Layer 1_4","transform":{"x":-28.05,"y":-18.42}}]},{"name":"Layer 3","display":[{"name":"__dbTextures/tears_01/Layer 3_0","transform":{"x":-27.35,"y":-18.57}},{"name":"__dbTextures/tears_01/Layer 3_1","transform":{"x":-28.05,"y":-18.42}},{"name":"__dbTextures/tears_01/Layer 3_2","transform":{"x":-23.72,"y":-14.87}},{"name":"__dbTextures/tears_01/Layer 3_3","transform":{"x":-25.75,"y":-18.12}},{"name":"__dbTextures/tears_01/Layer 3_4","transform":{"x":-27.12,"y":-20.27}}]},{"name":"Layer 2","display":[{"name":"__dbTextures/tears_01/Layer 2_0","transform":{"x":-21.8,"y":-13.47}},{"name":"__dbTextures/tears_01/Layer 2_1","transform":{"x":-21.17,"y":-16.25}},{"name":"__dbTextures/tears_01/Layer 2_2","transform":{"x":-18.62,"y":-15.3}},{"name":"__dbTextures/tears_01/Layer 2_3","transform":{"x":-20.55,"y":-13.9}},{"name":"__dbTextures/tears_01/Layer 2_4","transform":{"x":-19.9,"y":-13.82}}]}]}],"animation":[{"duration":5,"playTimes":0,"name":"unnamed","bone":[{"name":"Layer 1","translateFrame":[{"tweenEasing":0},{"tweenEasing":0,"x":-1.7,"y":1.92},{"tweenEasing":0,"x":-3.6,"y":4.17},{"tweenEasing":0,"x":-5.75,"y":3.97},{"tweenEasing":0,"x":-6.77,"y":6.27}],"scaleFrame":[{"duration":5}]},{"name":"Layer 3","translateFrame":[{"tweenEasing":0},{"tweenEasing":0,"x":-1.02,"y":2.3},{"tweenEasing":0,"x":5.75,"y":-3.97},{"tweenEasing":0,"x":4.05,"y":-2.05},{"tweenEasing":0,"x":2.15,"y":0.2}],"scaleFrame":[{"duration":5}]},{"name":"Layer 2","translateFrame":[{"tweenEasing":0},{"tweenEasing":0,"x":-1.78,"y":-0.28},{"tweenEasing":0,"x":-4.43,"y":-2.73},{"tweenEasing":0,"x":-5,"y":0.7},{"tweenEasing":0,"x":-6.53,"y":-0.95}],"scaleFrame":[{"duration":5}]}],"slot":[{"name":"Layer 1","displayFrame":[{},{"value":1},{"value":2},{"value":3},{"value":4}]},{"name":"Layer 3","displayFrame":[{},{"value":1},{"value":2},{"value":3},{"value":4}]},{"name":"Layer 2","displayFrame":[{},{"value":1},{"value":2},{"value":3},{"value":4}]}]}]},{"name":"Soother01","bone":[{"inheritScale":false,"name":"Layer 1"}],"slot":[{"name":"Layer 1","parent":"Layer 1"}],"skin":[{"slot":[{"name":"Layer 1","display":[{"name":"soska"}]}]}],"animation":[{"name":"hide","slot":[{"name":"Layer 1","displayFrame":[{"value":-1}]}]},{"name":"show","bone":[{"name":"Layer 1","scaleFrame":[{"tweenEasing":0}]}]}]},{"name":"RacketDB","bone":[{"inheritScale":false,"name":"hand"},{"inheritScale":false,"name":"racket2","transform":{"x":-35.72,"y":-22.9,"skX":-52.73,"skY":-52.73}},{"inheritScale":false,"name":"changeR","transform":{"x":-46.8,"y":-31.47,"skX":-15,"skY":-15,"scX":0.75,"scY":0.75}}],"slot":[{"name":"hand","parent":"hand"},{"name":"racket2","parent":"racket2"},{"name":"changeR","parent":"changeR"}],"skin":[{"slot":[{"name":"hand","display":[{"type":"armature","name":"LeftHandDB2"}]},{"name":"racket2","display":[{"type":"armature","name":"raketka0","transform":{"y":0.03}},{"type":"armature","name":"raketka78awdy","transform":{"y":0.03}},{"type":"armature","name":"raketka7822","transform":{"y":0.03}},{"type":"armature","name":"raketka784547","transform":{"y":0.03}},{"type":"armature","name":"raketka78587","transform":{"y":0.03}},{"type":"armature","name":"raketka785425","transform":{"y":0.03}},{"name":"raketka78524"}]},{"name":"changeR","display":[{"type":"armature","name":"racket_transform","transform":{"x":0.03,"y":0.03}}]}]}],"animation":[{"name":"racket1","bone":[{"name":"hand","scaleFrame":[{"tweenEasing":0}]},{"name":"racket2","scaleFrame":[{"tweenEasing":0}]},{"name":"changeR","scaleFrame":[{"tweenEasing":0}]}]},{"name":"racket2","bone":[{"name":"hand","scaleFrame":[{"duration":7,"tweenEasing":0}]},{"name":"racket2","scaleFrame":[{"tweenEasing":0}]},{"name":"changeR","scaleFrame":[{"duration":6,"tweenEasing":0}]}],"slot":[{"name":"racket2","displayFrame":[{"value":1}]}]},{"name":"racket3","bone":[{"name":"hand","scaleFrame":[{"duration":6,"tweenEasing":0}]},{"name":"racket2","scaleFrame":[{"tweenEasing":0}]},{"name":"changeR","scaleFrame":[{"duration":5,"tweenEasing":0}]}],"slot":[{"name":"racket2","displayFrame":[{"value":2}]}]},{"name":"racket4","bone":[{"name":"hand","scaleFrame":[{"duration":5,"tweenEasing":0}]},{"name":"racket2","scaleFrame":[{"tweenEasing":0}]},{"name":"changeR","scaleFrame":[{"duration":4,"tweenEasing":0}]}],"slot":[{"name":"racket2","displayFrame":[{"value":3}]}]},{"name":"racket5","bone":[{"name":"hand","scaleFrame":[{"duration":4,"tweenEasing":0}]},{"name":"racket2","scaleFrame":[{"tweenEasing":0}]},{"name":"changeR","scaleFrame":[{"duration":3,"tweenEasing":0}]}],"slot":[{"name":"racket2","displayFrame":[{"value":4}]}]},{"name":"emmy","bone":[{"name":"hand","scaleFrame":[{"duration":3,"tweenEasing":0}]},{"name":"racket2","scaleFrame":[{"tweenEasing":0}]},{"name":"changeR","scaleFrame":[{"duration":2,"tweenEasing":0}]}],"slot":[{"name":"racket2","displayFrame":[{"value":5}]}]},{"name":"big","bone":[{"name":"hand","scaleFrame":[{"duration":2,"tweenEasing":0}]},{"name":"racket2","translateFrame":[{"tweenEasing":0,"x":-21.05,"y":-14.5}],"rotateFrame":[{"tweenEasing":0,"rotate":0.05}],"scaleFrame":[{"tweenEasing":0,"x":1.6973,"y":1.6973}]},{"name":"changeR","scaleFrame":[{"tweenEasing":0}]}],"slot":[{"name":"racket2","displayFrame":[{"value":6}]}]},{"name":"woRacket","bone":[{"name":"hand","scaleFrame":[{"tweenEasing":0}]},{"name":"changeR","scaleFrame":[{"tweenEasing":0}]}],"slot":[{"name":"changeR","colorFrame":[{"tweenEasing":0,"value":{"aM":0}}]},{"name":"racket2","displayFrame":[{"value":-1}]}]}]},{"name":"LeftHandDB2","bone":[{"inheritScale":false,"name":"hand","transform":{"x":-3.25,"y":2.53}}],"slot":[{"name":"hand","parent":"hand"}],"skin":[{"slot":[{"name":"hand","display":[{"name":"LeftHand111"},{"name":"LeftHand222"},{"name":"LeftHand000"}]}]}],"animation":[{"name":"hand1","bone":[{"name":"hand","scaleFrame":[{"tweenEasing":0}]}]},{"name":"hand2","bone":[{"name":"hand","scaleFrame":[{"tweenEasing":0}]}],"slot":[{"name":"hand","displayFrame":[{"value":1}]}]},{"name":"hand3","bone":[{"name":"hand","translateFrame":[{"tweenEasing":0,"x":-0.02,"y":-0.03}],"scaleFrame":[{"tweenEasing":0}]}],"slot":[{"name":"hand","displayFrame":[{"value":2}]}]}]},{"name":"raketka0","bone":[{"inheritScale":false,"name":"Layer 1","transform":{"y":0.9}},{"inheritScale":false,"name":"Layer 2","transform":{"x":1.27,"y":-14.32,"skX":38,"skY":38,"scX":0.75,"scY":0.75}}],"slot":[{"name":"Layer 1","parent":"Layer 1"},{"name":"Layer 2","parent":"Layer 2"}],"skin":[{"slot":[{"name":"Layer 1","display":[{"name":"raket0"}]},{"name":"Layer 2","display":[{"type":"armature","name":"racket_transform","transform":{"y":0.03}}]}]}],"animation":[{"name":"normal","bone":[{"name":"Layer 1","scaleFrame":[{"tweenEasing":0}]}],"slot":[{"name":"Layer 2","displayFrame":[{"value":-1}]}]},{"name":"change","bone":[{"name":"Layer 1","scaleFrame":[{"tweenEasing":0}]},{"name":"Layer 2","scaleFrame":[{"tweenEasing":0}]}]}]},{"name":"racket_transform","bone":[{"inheritScale":false,"name":"Layer 5","transform":{"x":-7.52,"y":2.23}}],"slot":[{"name":"Layer 5","parent":"Layer 5"}],"skin":[{"slot":[{"name":"Layer 5","display":[{"name":"Symbol 1","transform":{"x":0.03}},{"name":"Symbol 2"},{"name":"Symbol 3"},{"name":"Symbol 4"},{"name":"Symbol 5","transform":{"x":0.03,"y":0.03}},{"name":"Symbol 6"}]}]}],"animation":[{"duration":7,"name":"change","bone":[{"name":"Layer 5","translateFrame":[{"tweenEasing":0},{"tweenEasing":0,"x":4.85,"y":6.52},{"tweenEasing":0,"x":4.52,"y":5.05},{"tweenEasing":0,"x":5.97,"y":9.2},{"tweenEasing":0,"x":-2.28,"y":-2.25},{"x":-19.05,"y":-0.35},{"tweenEasing":0,"x":7.52,"y":-2.23}],"scaleFrame":[{"duration":7}]}],"slot":[{"name":"Layer 5","displayFrame":[{},{"value":1},{"value":2},{"value":3},{"value":4},{"value":5},{"value":-1}]}]}]},{"name":"raketka78awdy","bone":[{"inheritScale":false,"name":"Layer 1","transform":{"y":0.9}},{"inheritScale":false,"name":"Layer 2","transform":{"x":1.27,"y":-14.32,"skX":38,"skY":38,"scX":0.75,"scY":0.75}}],"slot":[{"name":"Layer 1","parent":"Layer 1"},{"name":"Layer 2","parent":"Layer 2"}],"skin":[{"slot":[{"name":"Layer 1","display":[{"name":"raket1"}]},{"name":"Layer 2","display":[{"type":"armature","name":"racket_transform","transform":{"y":0.03}}]}]}],"animation":[{"name":"normal","bone":[{"name":"Layer 1","scaleFrame":[{"tweenEasing":0}]}],"slot":[{"name":"Layer 2","displayFrame":[{"value":-1}]}]},{"name":"change","bone":[{"name":"Layer 1","scaleFrame":[{"tweenEasing":0}]},{"name":"Layer 2","scaleFrame":[{"tweenEasing":0}]}]}]},{"name":"raketka7822","bone":[{"inheritScale":false,"name":"Layer 1","transform":{"y":0.9}},{"inheritScale":false,"name":"Layer 2","transform":{"x":1.27,"y":-14.32,"skX":38,"skY":38,"scX":0.75,"scY":0.75}}],"slot":[{"name":"Layer 1","parent":"Layer 1"},{"name":"Layer 2","parent":"Layer 2"}],"skin":[{"slot":[{"name":"Layer 1","display":[{"name":"raket2"}]},{"name":"Layer 2","display":[{"type":"armature","name":"racket_transform","transform":{"y":0.03}}]}]}],"animation":[{"name":"normal","bone":[{"name":"Layer 1","scaleFrame":[{"tweenEasing":0}]}],"slot":[{"name":"Layer 2","displayFrame":[{"value":-1}]}]},{"name":"change","bone":[{"name":"Layer 1","scaleFrame":[{"tweenEasing":0}]},{"name":"Layer 2","scaleFrame":[{"tweenEasing":0}]}]}]},{"name":"raketka784547","bone":[{"inheritScale":false,"name":"Layer 1","transform":{"y":0.9}},{"inheritScale":false,"name":"Layer 2","transform":{"x":1.27,"y":-14.32,"skX":38,"skY":38,"scX":0.75,"scY":0.75}}],"slot":[{"name":"Layer 1","parent":"Layer 1"},{"name":"Layer 2","parent":"Layer 2"}],"skin":[{"slot":[{"name":"Layer 1","display":[{"name":"raket3"}]},{"name":"Layer 2","display":[{"type":"armature","name":"racket_transform","transform":{"y":0.03}}]}]}],"animation":[{"name":"normal","bone":[{"name":"Layer 1","scaleFrame":[{"tweenEasing":0}]}],"slot":[{"name":"Layer 2","displayFrame":[{"value":-1}]}]},{"name":"change","bone":[{"name":"Layer 1","scaleFrame":[{"tweenEasing":0}]},{"name":"Layer 2","scaleFrame":[{"tweenEasing":0}]}]}]},{"name":"raketka78587","bone":[{"inheritScale":false,"name":"Layer 1","transform":{"y":0.9}},{"inheritScale":false,"name":"Layer 2","transform":{"x":1.27,"y":-14.32,"skX":38,"skY":38,"scX":0.75,"scY":0.75}}],"slot":[{"name":"Layer 1","parent":"Layer 1"},{"name":"Layer 2","parent":"Layer 2"}],"skin":[{"slot":[{"name":"Layer 1","display":[{"name":"racket4"}]},{"name":"Layer 2","display":[{"type":"armature","name":"racket_transform","transform":{"y":0.03}}]}]}],"animation":[{"name":"normal","bone":[{"name":"Layer 1","scaleFrame":[{"tweenEasing":0}]}],"slot":[{"name":"Layer 2","displayFrame":[{"value":-1}]}]},{"name":"change","bone":[{"name":"Layer 1","scaleFrame":[{"tweenEasing":0}]},{"name":"Layer 2","scaleFrame":[{"tweenEasing":0}]}]}]},{"name":"raketka785425","bone":[{"inheritScale":false,"name":"Layer 1","transform":{"y":0.9}},{"inheritScale":false,"name":"Layer 2","transform":{"x":1.27,"y":-14.32,"skX":38,"skY":38,"scX":0.75,"scY":0.75}}],"slot":[{"name":"Layer 1","parent":"Layer 1"},{"name":"Layer 2","parent":"Layer 2"}],"skin":[{"slot":[{"name":"Layer 1","display":[{"name":"raket5"}]},{"name":"Layer 2","display":[{"type":"armature","name":"racket_transform","transform":{"y":0.03}}]}]}],"animation":[{"name":"normal","bone":[{"name":"Layer 1","scaleFrame":[{"tweenEasing":0}]}],"slot":[{"name":"Layer 2","displayFrame":[{"value":-1}]}]},{"name":"change","bone":[{"name":"Layer 1","scaleFrame":[{"tweenEasing":0}]},{"name":"Layer 2","scaleFrame":[{"tweenEasing":0}]}]}]}]}