{"name":"GUI0","SubTexture":[{"name":"__dbTextures/player/effects stop_43","x":999,"height":12,"width":20,"y":21},{"name":"__dbTextures/player/effects stop_44","x":73,"height":19,"width":112,"y":1053},{"name":"__dbTextures/player/effects stop_45","x":73,"height":31,"width":122,"y":1021},{"name":"__dbTextures/player/effects stop_46","x":612,"height":36,"width":140,"y":1036},{"name":"__dbTextures/player/effects stop_47","x":753,"height":28,"width":147,"y":1063},{"name":"__dbTextures/player/effects stop_48","x":0,"height":31,"width":139,"y":1073},{"name":"__dbTextures/player/effects stop_49","x":999,"height":20,"width":24,"y":0},{"name":"__dbTextures/player/effects stop_50","x":876,"height":18,"width":28,"y":601},{"name":"Body0","x":943,"height":76,"width":72,"y":987},{"name":"Body23","x":408,"height":75,"width":47,"y":259},{"name":"Body4","x":759,"height":76,"width":72,"y":979},{"name":"Body7","x":0,"height":76,"width":72,"y":990},{"name":"Body3","x":114,"height":76,"width":72,"y":944},{"name":"Body24","x":856,"height":75,"width":47,"y":218},{"name":"Body5","x":428,"height":76,"width":72,"y":962},{"name":"Body6","x":124,"height":76,"width":72,"y":867},{"name":"girlBo0","x":365,"height":81,"width":71,"y":691},{"name":"girlBo2","x":454,"height":81,"width":71,"y":793},{"name":"girlBo3","x":798,"height":81,"width":71,"y":736},{"name":"girlBo4","x":631,"height":81,"width":71,"y":295},{"name":"girlBo5","x":631,"height":81,"width":71,"y":377},{"name":"girlBo332","x":631,"height":81,"width":71,"y":213},{"name":"girlBo1","x":383,"height":81,"width":71,"y":447},{"name":"girlBo7","x":383,"height":81,"width":71,"y":529},{"name":"snailBody","x":870,"height":118,"width":150,"y":785},{"name":"nishikori","x":469,"height":167,"width":139,"y":415},{"name":"nadal","x":701,"height":164,"width":134,"y":571},{"name":"davidFerrer","x":228,"height":162,"width":136,"y":591},{"name":"tomas_berdych","x":0,"height":169,"width":135,"y":429},{"name":"warwinka","x":246,"height":170,"width":136,"y":420},{"name":"federer","x":703,"height":177,"width":152,"y":218},{"name":"murray","x":703,"height":174,"width":141,"y":396},{"name":"djokovich","x":0,"height":168,"width":153,"y":260},{"name":"headGirl0","x":221,"height":141,"width":127,"y":754},{"name":"headGirl1","x":643,"height":139,"width":115,"y":896},{"name":"headGirl2","x":876,"height":157,"width":129,"y":627},{"name":"headGirl3","x":547,"height":148,"width":133,"y":668},{"name":"headGirl4","x":526,"height":145,"width":116,"y":817},{"name":"headGirl5","x":197,"height":145,"width":116,"y":896},{"name":"headGirl6","x":0,"height":145,"width":123,"y":769},{"name":"headGirl7","x":681,"height":159,"width":116,"y":736},{"name":"emma","x":0,"height":169,"width":124,"y":599},{"name":"LeftHand11","x":856,"height":38,"width":39,"y":372},{"name":"LeftHand22","x":856,"height":38,"width":39,"y":333},{"name":"LeftHand00","x":836,"height":38,"width":39,"y":640},{"name":"lege11","x":408,"height":27,"width":60,"y":363},{"name":"legR0","x":408,"height":27,"width":60,"y":335},{"name":"leg22","x":408,"height":27,"width":60,"y":391},{"name":"leg33","x":845,"height":27,"width":60,"y":411},{"name":"leg124","x":408,"height":27,"width":60,"y":419},{"name":"legG0","x":836,"height":26,"width":60,"y":574},{"name":"legG1","x":845,"height":26,"width":60,"y":439},{"name":"legG2","x":845,"height":26,"width":60,"y":547},{"name":"legG3","x":845,"height":26,"width":60,"y":493},{"name":"legG4","x":845,"height":26,"width":60,"y":466},{"name":"legG5","x":845,"height":26,"width":60,"y":520},{"name":"legG6","x":547,"height":26,"width":60,"y":584},{"name":"sled_buts","x":314,"height":40,"width":148,"y":921},{"name":"__dbTextures/tears_01/Layer 1_0","x":125,"height":60,"width":95,"y":678},{"name":"__dbTextures/tears_01/Layer 1_1","x":349,"height":73,"width":104,"y":773},{"name":"__dbTextures/tears_01/Layer 1_2","x":759,"height":82,"width":109,"y":896},{"name":"__dbTextures/tears_01/Layer 1_3","x":832,"height":75,"width":110,"y":987},{"name":"__dbTextures/tears_01/Layer 1_4","x":0,"height":74,"width":113,"y":915},{"name":"__dbTextures/tears_01/Layer 3_0","x":501,"height":75,"width":110,"y":963},{"name":"__dbTextures/tears_01/Layer 3_1","x":314,"height":74,"width":113,"y":962},{"name":"__dbTextures/tears_01/Layer 3_2","x":125,"height":60,"width":95,"y":739},{"name":"__dbTextures/tears_01/Layer 3_3","x":349,"height":73,"width":104,"y":847},{"name":"__dbTextures/tears_01/Layer 3_4","x":869,"height":82,"width":109,"y":904},{"name":"__dbTextures/tears_01/Layer 2_0","x":314,"height":54,"width":88,"y":1037},{"name":"__dbTextures/tears_01/Layer 2_1","x":124,"height":66,"width":85,"y":800},{"name":"__dbTextures/tears_01/Layer 2_2","x":487,"height":62,"width":75,"y":1039},{"name":"__dbTextures/tears_01/Layer 2_3","x":403,"height":56,"width":83,"y":1039},{"name":"__dbTextures/tears_01/Layer 2_4","x":196,"height":56,"width":80,"y":1042},{"name":"soska","x":365,"height":79,"width":89,"y":611},{"name":"raketka78524","x":906,"height":208,"width":91,"y":418},{"name":"LeftHand111","x":547,"height":38,"width":39,"y":611},{"name":"LeftHand222","x":836,"height":38,"width":39,"y":601},{"name":"LeftHand000","x":856,"height":38,"width":39,"y":294},{"name":"raket0","x":136,"height":208,"width":91,"y":469},{"name":"Symbol 1","x":246,"height":160,"width":161,"y":259},{"name":"Symbol 2","x":706,"height":217,"width":200,"y":0},{"name":"Symbol 3","x":246,"height":258,"width":226,"y":0},{"name":"Symbol 4","x":0,"height":259,"width":245,"y":0},{"name":"Symbol 5","x":473,"height":212,"width":232,"y":0},{"name":"Symbol 6","x":473,"height":201,"width":156,"y":213},{"name":"raket1","x":907,"height":208,"width":91,"y":0},{"name":"raket2","x":907,"height":208,"width":91,"y":209},{"name":"raket3","x":455,"height":208,"width":91,"y":584},{"name":"racket4","x":609,"height":208,"width":91,"y":459},{"name":"raket5","x":154,"height":208,"width":91,"y":260}],"imagePath":"texture.png"}