{"name":"GUI02","SubTexture":[{"name":"__dbTextures/playerSmall/effects stop_43","x":431,"height":6,"width":10,"y":216},{"name":"__dbTextures/playerSmall/effects stop_44","x":326,"height":10,"width":56,"y":555},{"name":"__dbTextures/playerSmall/effects stop_45","x":193,"height":16,"width":61,"y":560},{"name":"__dbTextures/playerSmall/effects stop_46","x":0,"height":18,"width":70,"y":550},{"name":"__dbTextures/playerSmall/effects stop_47","x":434,"height":14,"width":74,"y":539},{"name":"__dbTextures/playerSmall/effects stop_48","x":384,"height":16,"width":70,"y":555},{"name":"__dbTextures/playerSmall/effects stop_49","x":187,"height":10,"width":12,"y":213},{"name":"__dbTextures/playerSmall/effects stop_50","x":302,"height":9,"width":14,"y":211},{"name":"Body0","x":69,"height":38,"width":36,"y":383},{"name":"Body23","x":208,"height":38,"width":24,"y":171},{"name":"Body4","x":397,"height":38,"width":36,"y":397},{"name":"Body7","x":70,"height":38,"width":36,"y":303},{"name":"Body3","x":176,"height":38,"width":36,"y":393},{"name":"Body24","x":208,"height":38,"width":24,"y":131},{"name":"Body5","x":69,"height":38,"width":36,"y":343},{"name":"Body6","x":178,"height":38,"width":36,"y":353},{"name":"girlBo0","x":79,"height":41,"width":36,"y":175},{"name":"girlBo2","x":70,"height":41,"width":36,"y":260},{"name":"girlBo3","x":320,"height":41,"width":36,"y":108},{"name":"girlBo4","x":187,"height":41,"width":36,"y":275},{"name":"girlBo5","x":320,"height":41,"width":36,"y":194},{"name":"girlBo332","x":320,"height":41,"width":36,"y":151},{"name":"girlBo1","x":79,"height":41,"width":36,"y":132},{"name":"girlBo7","x":187,"height":41,"width":36,"y":232},{"name":"snailBody","x":435,"height":59,"width":75,"y":478},{"name":"nishikori","x":230,"height":84,"width":70,"y":211},{"name":"nadal","x":0,"height":82,"width":67,"y":305},{"name":"davidFerrer","x":108,"height":81,"width":68,"y":300},{"name":"tomas_berdych","x":0,"height":85,"width":68,"y":218},{"name":"warwinka","x":117,"height":85,"width":68,"y":213},{"name":"federer","x":358,"height":89,"width":76,"y":111},{"name":"murray","x":358,"height":87,"width":71,"y":202},{"name":"djokovich","x":0,"height":84,"width":77,"y":132},{"name":"headGirl0","x":435,"height":71,"width":64,"y":405},{"name":"headGirl1","x":104,"height":70,"width":58,"y":459},{"name":"headGirl2","x":273,"height":79,"width":65,"y":343},{"name":"headGirl3","x":107,"height":74,"width":67,"y":383},{"name":"headGirl4","x":335,"height":73,"width":58,"y":440},{"name":"headGirl5","x":208,"height":73,"width":58,"y":446},{"name":"headGirl6","x":271,"height":73,"width":62,"y":424},{"name":"headGirl7","x":0,"height":80,"width":58,"y":389},{"name":"emma","x":446,"height":85,"width":62,"y":318},{"name":"LeftHand11","x":436,"height":19,"width":20,"y":195},{"name":"LeftHand22","x":436,"height":19,"width":20,"y":153},{"name":"LeftHand00","x":436,"height":19,"width":20,"y":132},{"name":"lege11","x":59,"height":14,"width":30,"y":482},{"name":"legR0","x":176,"height":14,"width":30,"y":449},{"name":"leg22","x":397,"height":14,"width":30,"y":437},{"name":"leg33","x":395,"height":14,"width":30,"y":486},{"name":"leg124","x":176,"height":14,"width":30,"y":433},{"name":"legG0","x":57,"height":13,"width":30,"y":528},{"name":"legG1","x":59,"height":13,"width":30,"y":498},{"name":"legG2","x":164,"height":13,"width":30,"y":495},{"name":"legG3","x":164,"height":13,"width":30,"y":525},{"name":"legG4","x":395,"height":13,"width":30,"y":502},{"name":"legG5","x":164,"height":13,"width":30,"y":510},{"name":"legG6","x":57,"height":13,"width":30,"y":513},{"name":"sled_buts","x":250,"height":20,"width":74,"y":538},{"name":"__dbTextures/tears_01/Layer 1_0","x":143,"height":30,"width":48,"y":540},{"name":"__dbTextures/tears_01/Layer 1_1","x":196,"height":37,"width":52,"y":521},{"name":"__dbTextures/tears_01/Layer 1_2","x":340,"height":41,"width":55,"y":397},{"name":"__dbTextures/tears_01/Layer 1_3","x":327,"height":38,"width":55,"y":515},{"name":"__dbTextures/tears_01/Layer 1_4","x":0,"height":37,"width":57,"y":471},{"name":"__dbTextures/tears_01/Layer 3_0","x":0,"height":38,"width":55,"y":510},{"name":"__dbTextures/tears_01/Layer 3_1","x":268,"height":37,"width":57,"y":499},{"name":"__dbTextures/tears_01/Layer 3_2","x":384,"height":30,"width":48,"y":517},{"name":"__dbTextures/tears_01/Layer 3_3","x":89,"height":37,"width":52,"y":531},{"name":"__dbTextures/tears_01/Layer 3_4","x":214,"height":41,"width":55,"y":403},{"name":"__dbTextures/tears_01/Layer 2_0","x":60,"height":27,"width":44,"y":423},{"name":"__dbTextures/tears_01/Layer 2_1","x":178,"height":33,"width":43,"y":318},{"name":"__dbTextures/tears_01/Layer 2_2","x":395,"height":31,"width":38,"y":453},{"name":"__dbTextures/tears_01/Layer 2_3","x":60,"height":28,"width":42,"y":452},{"name":"__dbTextures/tears_01/Layer 2_4","x":164,"height":28,"width":40,"y":465},{"name":"soska","x":70,"height":40,"width":45,"y":218},{"name":"raketka78524","x":398,"height":104,"width":46,"y":291},{"name":"LeftHand111","x":436,"height":19,"width":20,"y":174},{"name":"LeftHand222","x":208,"height":19,"width":20,"y":211},{"name":"LeftHand000","x":436,"height":19,"width":20,"y":111},{"name":"raket0","x":350,"height":104,"width":46,"y":291},{"name":"Symbol 1","x":125,"height":80,"width":81,"y":131},{"name":"Symbol 2","x":358,"height":109,"width":100,"y":0},{"name":"Symbol 3","x":125,"height":129,"width":113,"y":0},{"name":"Symbol 4","x":0,"height":130,"width":123,"y":0},{"name":"Symbol 5","x":240,"height":106,"width":116,"y":0},{"name":"Symbol 6","x":240,"height":101,"width":78,"y":108},{"name":"raket1","x":460,"height":104,"width":46,"y":0},{"name":"raket2","x":302,"height":104,"width":46,"y":237},{"name":"raket3","x":225,"height":104,"width":46,"y":297},{"name":"racket4","x":458,"height":104,"width":46,"y":212},{"name":"raket5","x":460,"height":104,"width":46,"y":106}],"imagePath":"texture2.png"}