{
  "set": {
    "ZY_FIRST":["cfg"],
    "zoo": [
      "game","preload","audio_first","cfg"
    ],
    "game": [
      "game","preload","audio_first","cfg"
    ],
    "teach": [
      "teach","preload","cfg"
    ],
    "channel": [
      "wx",
      "qq",
      "zj",
      "oppo",
      "vivo"
    ],
    "path": "assets"
  },
  "cfg":{
    "url": "config/cfg_1_0_4.zip",
    "ver": 4,
    "size": 0.05,
    "files": [
      "cfg"
    ],
    "dir": [
      "cfg"
    ]
  },
  "preload":{
    "url": "config/zoo_preload_1_0_5.zip",
    "ver": 5,
    "size": 0.05,
    "files": [
      "preload"
    ],
    "dir": [
      "preload"
    ]
  },
  "game": {
    "url": "config/zoo_new_1_0_25.zip",
    "ver": 100,
    "size": 11.32,
    "files": [
      "game/Conventional",
      "ship/Conventional",
      "audioGame",
      "icons",
      "main",
      "res"
    ],
    "dir": [
      "game",
      "ship",
      "audioGame",
      "icons",
      "main",
      "res"
    ]
  },
  "teach": {
    "url": "config/zoo_teach_1_0_5.zip",
    "ver": 5,
    "size": 0.79939,
    "files": [
      "first/Conventional",
      "res/atlas"
    ],
    "dir": [
      "first",
      "res/preload.atlas",
      "res/preload.png"
    ]
  },
  "audio_first": {
    "url": "config/audio_first.zip",
    "ver": 2,
    "size": 0.69533,
    "files": [
      "audio/Music/Music_Tutorial.mp3",
      "audio/Amb_Farm_Cow.mp3",
      "audio/Amb_Farm_Rooster.mp3",
      "audio/Amb_Farm_Sheep.mp3",
      "audio/Amb_Farm.mp3",
      "audio/UI_Randomize.mp3"
    ],
    "dir": [
      "audio"
    ]
  }
}
