{"res/atlas/attention.atlas":["attention/",["7.png","img_11.png","img_12.png","img_13.png","img_14.png","img_15.png","img_16.png","img_17.png","img_20.png","img_21.png","img_22.png","img_23.png","img_24.png","img_25.png","img_8.png","img_9.png"]],"res/atlas/btn.atlas":["btn/",["btnBlue1.png","btnBlue2.png","btnColor1Down.png","btnColor1Up.png","btnColor2Down.png","btnColor2Up.png","btnColor3Down.png","btnColor3Up.png","btnGray1.png","btnGray2.png","btnGreen1.png","btnGreen2.png","btnRed1.png","btnRed2.png","btnStart0_2.png","btnStrat0_1.png","btnStrat1_1.png","btnStrat1_2.png","haoyou.png","img_0.png","img_1.png","img_10.png","img_19.png","img_2.png","img_2_s.png","img_3_m.png","img_3_s.png","img_4.png","img_5.png","img_6.png","img_7.png","img_8.png","img_9.png","img_bg0.png","img_bg04.png","img_bg2.png","img_bg3.png","img_bg5.png","img_bg7.png","img_bg8.png","img_bg9.png","img_blue_0.png","img_blue_1.png","img_blue_2.png","img_blue_3.png","img_btn0_1.png","img_btn0_2.png","img_btn1_1.png","img_btn1_2.png","img_btn2_1.png","img_btn2_2.png","img_btnTop1.png","img_btnTop2.png","img_btn_0.png","img_btn_1.png","img_btn_2.png","img_check_bg.png","img_di0.png","img_gift_0.png","img_gift_1.png","img_grey_0.png","img_grey_1.png","img_grey_2.png","img_grey_3.png","img_jiang_0.png","img_jiang_1.png","img_jiang_2.png","img_jiang_3.png","img_jiang_4.png","img_leftBtn1.png","img_leftBtn2.png","img_listdi_0.png","img_listdi_1.png","img_listdi_2.png","img_listdi_4.png","img_listdi_5.png","img_main_1.png","img_main_2.png","img_main_3.png","img_main_4.png","img_nan2.png","img_nv1.png","img_nv2.png","img_purple_0.png","img_purple_1.png","img_purple_2.png","img_purple_3.png","img_purple_4.png","img_purple_5.png","img_shop1list.png","img_shop1listdi.png","img_shop2list.png","img_shop2listdi.png","img_shop3list.png","img_shop3listdi.png","img_shop4list.png","img_shop4listdi.png","img_tip_0.png","img_tip_1.png","img_tip_2.png","img_tip_3.png","img_tip_4.png","img_tip_5.png","img_weiwan1.png","jiang1.png","jiang2.png","jiang3.png","jiang4.png","jiang5.png","kf_bg1.png","kf_bg2.png","kf_bg3.png","kf_bg4.png","kf_bg5.png","kf_bg6.png","kf_bg7.png","notice1.png","notice10.png","notice11.png","notice12.png","notice14.png","notice15.png","notice17.png","notice18.png","notice19.png","notice2.png","notice20.png","notice3.png","notice4.png","shop2di1.png","shop2list.png","shop2listdi.png","shop3di1.png","shop3di2.png","shop3list.png","shop3listdi.png","shop4di1.png","shop4list.png","shop4listdi.png","sign_bg1.png","sign_bg2.png","signin_0.png","signin_1.png","signin_2.png","signin_3.png","signin_4.png","signin_8.png","signin_9.png","touxiang.png","wxts1.png","wxts2.png","wxts3.png","wxts5.png","wxts6.png","wxts7.png"]],"res/atlas/daymission.atlas":["daymission/",["cj.png","cl.png","coin.png","coin_di.png","di.png","di1.png","di2.png","di3.png","di_3.png","ding.png","fanhui.png","fanhui_di.png","fh.png","gouxuan.png","gouxuan_di.png","img_10.png","img_11.png","img_12.png","img_13.png","img_14.png","img_15.png","img_16.png","img_17.png","img_18.png","img_20.png","img_23.png","img_24.png","img_5.png","img_9.png","img_xz.png","jd1.png","jd2.png","jdt.png","jdt_di.png","jxz.png","jxz_an.png","jxz_an2.png","mrrw_di.png","qiandao.png","rw1.png","rw2.png","sjjd.png","sjjd_di.png","sjjd_di1.png","sjjd_icon.png","sjzjd.png","tab1.png","tab2.png","tab3.png","tab4.png","tabIcon1.png","tabIcon2.png","tabIcon3.png","tabIcon4.png","xscy.png"]],"res/atlas/endangeredanimals.atlas":["endangeredanimals/",["free.png","img_0.png","img_1.png","img_2.png","img_3.png","img_ad.png","img_zi_0.png","img_zi_1.png","img_zi_2.png","img_zi_3.png","img_zi_4.png","img_zi_5.png"]],"res/atlas/freejew.atlas":["freejew/",["img_5.png","img_6.png","img_7.png","img_main_10.png","img_main_11.png","img_main_12.png","img_main_7.png","img_main_8.png","img_main_9.png"]],"res/atlas/giftbag.atlas":["giftbag/",["btn_left.png","btn_right.png","buy.png","free_ling.png","gou.png","gqbtn.png","gqcontent.png","gqdi.png","gqdouble.png","gqfd.png","gqgold.png","gqhat.png","gqlight.png","gqlw.png","gqptlq.png","gqqq.png","gqrw.png","gqvbtnbg.png","gqvideo.png","img_108.png","img_188.png","img_229.png","img_3ad.png","img_dragon.png","img_monkey.png","img_panda.png","img_pro1.png","img_pro2.png","img_watch.png","notry.png","price.png","qq_price.png","reborn_price.png","skin_ad.png","thanks.png","try.png","word_108.png","word_229.png","word_dragon.png","word_monkey.png","word_panda.png"]],"res/atlas/hat.atlas":["hat/",["img_down0.png","img_down1.png","img_juesedingzhi.png","img_leftlogo.png","img_lvl1.png","img_lvl11.png","img_lvl2.png","img_lvl22.png","img_lvl3.png","img_lvl33.png","img_nan.png","img_nv.png","img_pro1.png","img_pro2.png","img_queding.png","img_rightlog.png","img_topdown.png","img_topup.png","img_up0.png","img_up1.png","img_zhuangbei.png"]],"res/atlas/icons.atlas":["icons/",["alligator0.png","alligator1.png","alligator2.png","alligator3.png","alligator4.png","alligator5.png","alligator6.png","alligator7.png","alligator8.png","background.png","boar0.png","boar1.png","boar2.png","boar3.png","boar4.png","boar5.png","boar6.png","boar7.png","boar9.png","buffalo0.png","buffalo1.png","buffalo2.png","buffalo3.png","buffalo4.png","buffalo5.png","buffalo6.png","buffalo7.png","buffalo8.png","effect.png","elephant0.png","elephant1.png","elephant2.png","elephant3.png","elephant4.png","elephant5.png","elephant6.png","elephant7.png","elephant9.png","enc_1001.png","enc_1002.png","enc_1003.png","enc_1004.png","enc_1005.png","enc_1006.png","enc_1007.png","enc_1008.png","enc_1009.png","enc_1010.png","enc_1011.png","enc_1012.png","enc_1013.png","enc_1014.png","giraffe0.png","giraffe1.png","giraffe2.png","giraffe3.png","giraffe4.png","giraffe5.png","giraffe6.png","giraffe7.png","giraffe8.png","gorilla0.png","gorilla1.png","gorilla2.png","gorilla3.png","gorilla4.png","gorilla5.png","gorilla6.png","gorilla8.png","hippo0.png","hippo1.png","hippo2.png","hippo3.png","hippo4.png","hippo5.png","hippo6.png","hippo7.png","lion0.png","lion1.png","lion2.png","lion3.png","lion4.png","lion5.png","lion6.png","lion7.png","lion8.png","luckyLamb.png","ostrich0.png","ostrich1.png","ostrich2.png","ostrich3.png","ostrich4.png","ostrich5.png","ostrich6.png","ostrich7.png","ostrich8.png","reviveBird.png","rhino0.png","rhino1.png","rhino2.png","rhino3.png","rhino4.png","rhino5.png","rhino6.png","rhino7.png","rhino8.png","snowflake.png","tiger0.png","tiger1.png","tiger2.png","tiger3.png","tiger4.png","tiger5.png","tiger6.png","tiger7.png","tiger8.png","toucan0.png","toucan1.png","toucan2.png","toucan3.png","toucan4.png","toucan5.png","toucan6.png","toucan7.png","vulture0.png","vulture1.png","vulture2.png","vulture3.png","vulture4.png","vulture5.png","vulture6.png","vulture7.png","vulture8.png","zebra0.png","zebra1.png","zebra10.png","zebra11.png","zebra2.png","zebra3.png","zebra4.png","zebra5.png","zebra6.png","zebra7.png","zebra8.png"]],"res/atlas/invite.atlas":["invite/",["img_10.png","img_11.png","img_12.png","img_13.png","img_15.png","img_16.png","img_17.png","img_18.png","img_19.png","img_20.png","img_21.png","img_22.png","img_status0.png","img_status1.png","img_status2.png","touxiang.png"]],"res/atlas/main.atlas":["main/",["Time-out.png","ad.png","adIcon.png","adbg.png","adbg2.png","adbg3.png","adtext.png","blackMask.png","bofang.png","btnAnimal1.png","btnAnimal2.png","btnBaby1.png","btnBaby2.png","btnCoinPlus.png","btnHat1.png","btnHat2.png","btnHome1.png","btnHome2.png","btnJewPlus.png","btnNext.png","btnPrev.png","built.png","button_patch.png","button_patchHilight0.png","button_patchHilight1.png","button_patchHilight2.png","button_patchHilight3.png","button_patchHilight4.png","button_patchHilight5.png","byk.png","cha.png","circle1.png","circle2.png","circle3.png","ckgg.png","ckgg1.png","close.png","coin.png","di.png","di1.png","dian.png","douyin.png","fanhui.png","fenxiang.png","finger.png","gou.png","heart.png","homeLvl1.png","homeLvl2.png","homeLvl3.png","homeLvl4.png","homeLvl5.png","huodong.png","icon_binwei.png","icon_guanzhu.png","icon_huanzhuang.png","icon_jew.png","icon_meiri.png","icon_mianfei.png","icon_paihang.png","icon_shangc.png","icon_shezhi.png","icon_yaoqing.png","iconkn.png","iconknd.png","img_blackMask.png","img_bubble.png","img_choujiang.png","img_design.png","img_icon_0.png","img_icon_1.png","img_icon_guanzhu0.png","img_icon_guanzhu1.png","img_icon_guanzhu2.png","img_icon_guanzhu3.png","img_icon_paihang0.png","img_icon_paihang1.png","img_icon_paihang2.png","img_icon_paihang3.png","img_icon_qiandao0.png","img_icon_qiandao1.png","img_icon_renwu0.png","img_icon_renwu1.png","img_icon_renwu2.png","img_icon_renwu3.png","img_parse_bg0.png","img_parse_bg1.png","img_parse_bg2.png","img_parse_star0.png","img_sale3.png","img_shareWx.png","img_shop.png","img_shop_di.png","img_spSale.png","img_spSale1.png","img_spSale2.png","img_start0.png","img_tip_zi1.png","img_tip_zi2.png","img_whiteMask.png","img_xiyou3.png","jiating.png","jixu.png","kaimen.png","levelTitle.png","line.png","lo.png","lockmap.png","logo.png","logodi.png","look.png","m.png","map.png","mapbg.png","mfhd.png","nextVisitor.png","notice_gg.png","open.png","page1.png","page2.png","page3.png","page4.png","pageTitle1.png","pageTitle2.png","pageTitle3.png","pageTitle4.png","pause.png","photo.png","photo_continue.png","photobook.png","price.png","qicheng.png","qx.png","rebornAd.png","red.png","redCircle1.png","refresh_name.png","restart.png","rollArrow.png","shareZj.png","shengji.png","soon.png","start.png","tapCircle.png","tapToStart.png","tiket.png","uplevel.png","vivo_cancel.png","vivo_di.png","vivo_di2.png","vivo_go.png","vivo_gold.png","warn.png","zjliay_gou.png","zjliay_kuang.png","zjzj.png","zm.png","zmqp.png","zoo.png","zuigaoji.png"]],"res/atlas/map.atlas":["map/",["bee00.png","bee01.png","bee02.png","bee03.png","gou.png","kuang.png","mapChar0.png","mapChar1.png","mapChar4.png","mapChar5.png","mapChar6.png","mapCube0.png","mapCube0Ani0.png","mapCube0Ani1.png","mapCube0Ani2.png","mapCube0Ani3.png","mapCube1.png","mapCube1Ani0.png","mapCube1Ani1.png","mapCube1Ani2.png","mapCube1Ani3.png","mapCube2.png","mapCube2Ani0.png","mapCube2Ani1.png","mapCube2Ani2.png","mapCube2Ani3.png","mapCubeComplete.png","mapCubeLine0.png","mapCubeLine1.png","mapCubeReady.png","mapCubeUnknow.png","mapCubeUnknowBig.png","mapLevel1.png","mapLevel2.png","mapLevel3.png","mapLevel4.png"]],"res/atlas/preload.atlas":["preload/",["adIcon.png","bg1.png","bg2.png","bg3.png","black.png","blue.png","bofang.png","btnBlue1.png","btnBlue2.png","btnGreen1.png","btnGreen2.png","btnRed1.png","btnRed2.png","buffalo0.png","button_patch.png","button_patchHilight0.png","button_patchHilight1.png","button_patchHilight2.png","button_patchHilight3.png","button_patchHilight4.png","button_patchHilight5.png","change.png","circle1.png","circle3.png","coin.png","cool.png","effect.png","enc_1001.png","heart.png","img_bg_1.png","img_queding.png","img_share.png","img_shareWx.png","img_star.png","jixu.png","lo.png","muji.png","ok.png","photo_continue.png","photobook.png","reSel.png","red.png","redCircle1.png","refresh_name.png","rollArrow.png","share.png","splash.png","tap.png","tap1.png","tap2.png","tapCircle.png","teachHelp.png","teachToZoo.png","warn.png"]],"res/atlas/prize.atlas":["prize/",["img_Ad.png","img_bg1.png","img_bg2.png","img_bg3.png","img_bg4.png","img_bg_0.png","img_bg_1.png","img_bg_2.png","img_bg_an.png","img_bg_liang.png","img_btn0_3.png","img_btn1_3.png","img_btn2_3.png","img_btnbg0.png","img_di_guang.png","img_gift_2.png","img_logo_0.png","img_logo_1.png","img_logo_2.png","img_logo_3.png","img_logo_4.png","img_logo_5.png","img_part.png","img_title.png","img_title2.png","lucky_gift_15.png","lucky_gift_35.png","lucky_gift_5.png","lucky_gift_65.png"]],"res/atlas/question.atlas":["question/",["1.png","1_1.png","2.png","2_1.png","3.png","3_1.png","4.png","4_1.png","arrow.png","close1.png","close2.png","cuo.png","cw.png","di2.png","di3.png","double.png","fanhui.png","gdi.png","gou.png","gou2.png","guiz.png","hat.png","jb.png","jcyx.png","jj1.png","jj2.png","ks1.png","ks2.png","qrjj.png","quan.png","qx.png","sp.png","tc.png","title.png","tj.png","ts.png","ts1.png","video.png","zq.png","zsd.png","zsd2.png","zsd3.png"]],"res/atlas/rank.atlas":["rank/",["1_di0.png","1_di1.png","1_di2.png","1_di3.png","2_di0.png","2_di1.png","2_di2.png","2_di3.png","3_di0.png","3_di1.png","3_di2.png","3_di3.png","4_di0.png","4_di1.png","4_di2.png","4_di3.png","bg00.png","bg01.png","bg02.png","bg03.png","bg10.png","bg11.png","bg12.png","bg13.png","contentdi0.png","contentdi1.png","contentdi2.png","contentdi3.png","fanhui.png","fanhui1.png","fanhui2.png","headdi0.png","headdi1.png","headdi2.png","headdi3.png","hyphb.png","img_rank0.png","img_rank1.png","img_rank2.png","numdi0.png","numdi1.png","numdi2.png","numdi3.png","sjphb.png","sjphb_di0.png","sjphb_di1.png","sjphb_di2.png","sjphb_di3.png","tab00.png","tab01.png","tab10.png","tab11.png","tab20.png","tab21.png","tab30.png","tab31.png","xyyx.png","xyyx1.png","xyyx2.png"]],"res/atlas/setting.atlas":["setting/",["1.png","2.png","3.png","ID.png","btn_0.png","copyID.png","dhm.png","dhm1.png","dollar_add.png","dollar_bg2.png","dollar_bg3.png","dollar_fire.png","dollar_gold.png","dollar_heart.png","dollar_icon.png","dollar_jew.png","dollar_one.png","dollar_plus.png","dollar_reward.png","dollar_thousand.png","dollar_three.png","dollar_title.png","dollar_twenty.png","dollar_word1.png","dollar_word2.png","dollar_x.png","img_3.png","img_4.png","img_ad.png","img_bg1.png","img_bg6.png","img_bg_0.png","img_bg_1.png","img_bg_2.png","img_bg_3.png","img_bg_4.png","img_btn0.png","img_btn1.png","img_btn_3.png","img_check.png","img_day0.png","img_day1.png","img_day2.png","img_day3.png","img_day4.png","img_day5.png","img_day6.png","img_icon_0.png","img_icon_1.png","img_imp.png","img_slider.png","img_star.png","img_star1.png","img_star2.png","img_start.png","img_title.png","img_zi0.png","img_zi1.png","img_zi_0.png","img_zi_1.png","img_zi_10.png","img_zi_11.png","img_zi_12.png","img_zi_2.png","img_zi_3.png","img_zi_4.png","img_zi_5.png","img_zi_6.png","img_zi_7.png","img_zi_8.png","img_zi_9.png","kf.png","kf_call.png","kf_copy.png","kf_img1.png","kf_qq_ov.png","kf_qq_wz.png","leiji.png","leiji2.png","mingcheng.png","rwkl.png","signin_5.png","signin_6.png","signin_7.png","zebra8.png"]],"res/atlas/shop.atlas":["shop/",["gold1000.png","gold24000.png","gold25000.png","gold5000.png","iap_gifts_01.png","iap_gifts_02.png","iap_gifts_5.png","iap_gifts_8.png","iap_gifts_9.png","img_12000gold.png","img_1_0.png","img_30000gold.png","img_6000gold.png","img_ad.png","img_bull.png","img_buy_0.png","img_buy_1.png","img_buy_2.png","img_buy_3.png","img_buy_4.png","img_di.png","img_logo0.png","img_logo10.png","img_logo11.png","img_logo12.png","img_logo2.png","img_logo3.png","img_logo4.png","img_logo5.png","img_logo6.png","img_logo7.png","img_logo9.png","img_sheep.png","img_shop0di0.png","img_shop0di1.png","img_shop0di2.png","img_shop0di3.png","img_shop0di4.png","img_shop0di5.png","img_shop0di6.png","img_shop0di7.png","img_shop1di0.png","img_shop2di0.png","img_shop3di0.png","img_shop4di0.png","img_shopdi1.png","img_tip_6.png","img_tip_7.png","img_tip_8.png","img_yellow.png","img_zi_0.png","img_zi_1.png","img_zi_2.png","lbgold.png","lbicon1.png","lbicon10.png","lbicon2.png","lbicon3.png","lbicon4.png","lbicon5.png","lbicon6.png","lbicon7.png","lbicon8.png","lblock0.png","lblock1.png","lblock2.png","lblock3.png","lbtitle0.png","lbtitle01.png","lbtitle1.png","lbtitle2.png","lbtitle3.png","lbtitle4.png","lbtitle5.png","lbtxt1.png","lbtxt2.png","lbtxt3.png","lbtxt4.png","lbtxt5.png","remai.png","remai_bg.png","rmb1000.png","shop0btn0.png","shop0btn1.png","shop0img0.png","shop0img1.png","shop0img2.png","shop0img3.png","shop0img4.png","shop0img5.png","shop0img6.png","shop0zi0.png","shop0zi10.png","shop0zi11.png","shop0zi12.png","shop0zi13.png","shop0zi14.png","shop0zi15.png","shop0zi16.png","shop0zi17.png","shop0zi2.png","shop0zi3.png","shop0zi4.png","shop0zi5.png","shop0zi6.png","shop0zi7.png","shop0zi8.png","shop0zi9.png","shop1btn0.png","shop1btn1.png","shop1di0.png","shop1di2.png","shop1zi2.png","shop1zi3.png","shop2biaoqian.png","shop2btn0.png","shop2btn1.png","shop2di0.png","shop2zi0.png","shop2zi1.png","shop2zi2.png","shop2zi3.png","shop2zi4.png","shop2zi5.png","shop2zi6.png","shop2zi7.png","shop2zi8.png","shop3biaoqian.png","shop3btn0.png","shop3btn1.png","shop3di0.png","shop3zi0.png","shop3zi1.png","shop3zi2.png","shop3zi5.png","shop3zi6.png","shop3zi7.png","shop3zi9.png","shop4btn0.png","shop4btn1.png","shop4di0.png","shop4listlogo1.png","shop4zi10.png","shop4zi11.png","shop4zi12.png","shop4zi13.png","shop4zi4.png","shop4zi5.png","shop4zi6.png","shop4zi7.png","shop4zi8.png","shop4zi9.png","shopdi1.png"]]}