{
    "1001": {
        "class": "AnimalCharger",
        "smashStrength": 3,
        "stampedingSpeedModifier": 0.6,
        "stampedingSpeedRandomRangeDeviation": 0.5,
        "runSpeedModifier": 0.9,
        "playerJumpHeightMultiplier": 1,
        "playerJumpSpeedMultiplier": 1,
        "playerLassooBoostMultiplier": 1,
        "hasJumpOverride": false,
        "edible": true,
        "runLength": 6,
        "goingWildLength": 0.075,
        "centeringScale": 1,
        "buckArray": [
            {
                "maxBuckLength": 0.55,
                "heightModifier": 3.25
            }
        ],
        "playerJointOffset": [
            0,
            0,
            -0.5
        ],
        "buckArc": [
            [
                0.5,
                1,
                0,
                0,
                0,
                1
            ]
        ],
        "playerJoint": "offset.CTRL_MAIN.offset_playerPos.playerPos",
        "angryRunSpeedModifier": 0,
        "buckWhenAngry": true,
        "smashAnimals": false,
        "smashAnimalStengthLimited": false,
        "immuneToSmashing": false,
        "immuneToObstaclesWhileBoosting": false,
        "waterSpeedMultiplier": -0.55,
        "alwaysCharge": false,
        "chargeDurationBonus": 0,
        "chargeSpeedBonus": 0,
        "captureLengthArray": [
            3.84,
            5,
            6,
            6.8,
            7.2,
            7.5,
            7.8,
            8
        ],
        "bark": "Bark_Buffalo_01.mp3",
        "leanScale": 0.2
    },
    "1002": {
        "class": "Animal",
        "smashStrength": 3,
        "stampedingSpeedModifier": 0.7,
        "stampedingSpeedRandomRangeDeviation": 0,
        "runSpeedModifier": 1,
        "playerJumpHeightMultiplier": 1,
        "playerJumpSpeedMultiplier": 1,
        "playerLassooBoostMultiplier": 1,
        "hasJumpOverride": false,
        "edible": true,
        "runLength": 5,
        "goingWildLength": 0.075,
        "centeringScale": 1,
        "buckArray": [
            {
                "maxBuckLength": 0.2,
                "heightModifier": 2.2
            },
            {
                "maxBuckLength": 0.2,
                "heightModifier": 2.2
            },
            {
                "maxBuckLength": 0.2,
                "heightModifier": 2.2
            },
            {
                "maxBuckLength": 0.5,
                "heightModifier": 3.5
            }
        ],
        "playerJointOffset": [
            0,
            0,
            -0.5
        ],
        "buckArc": [
            [
                0,
                0.131,
                0.077,
                0,
                0,
                0.077
            ],
            [
                0.5,
                1,
                0.077,
                0,
                0.077,
                0.923
            ],
            [
                1,
                0.131,
                0.923,
                0,
                0.923,
                1
            ]
        ],
        "playerJoint": "offset.CTRL_MAIN.offset_playerPos.playerPos",
        "angryRunSpeedModifier": 0,
        "buckWhenAngry": true,
        "smashAnimals": false,
        "smashAnimalStengthLimited": false,
        "immuneToSmashing": false,
        "immuneToObstaclesWhileBoosting": false,
        "waterSpeedMultiplier": -0.55,
        "captureLengthArray": [
            4,
            5,
            6,
            6.5,
            6.8,
            6.9,
            7
        ],
        "bark": "Bark_Zebra_01.mp3",
        "leanScale": 0.2
    },
    "1003": {
        "class": "Elephant",
        "smashStrength": 7,
        "stampedingSpeedModifier": 0.4,
        "stampedingSpeedRandomRangeDeviation": 0.5,
        "runSpeedModifier": 1.4,
        "playerJumpHeightMultiplier": 1,
        "playerJumpSpeedMultiplier": 1,
        "playerLassooBoostMultiplier": 1,
        "hasJumpOverride": false,
        "edible": false,
        "runLength": 6.5,
        "goingWildLength": 0.5,
        "centeringScale": 1,
        "playerJointOffset": [
            0,
            0.25,
            -0.5
        ],
        "playerJoint": "offset.Ctrl_Main.offset_playerPos.playerPos",
        "angryRunSpeedModifier": 0,
        "buckWhenAngry": false,
        "smashAnimals": false,
        "smashAnimalStengthLimited": false,
        "immuneToSmashing": false,
        "immuneToObstaclesWhileBoosting": false,
        "waterSpeedMultiplier": -0.55,
        "captureLengthArray": [
            4.9,
            5.9
        ],
        "bark": "Bark_Elephant_01.mp3",
        "leanScale": 0.2
    },
    "1004": {
        "class": "AnimalZoomerDontCrash",
        "smashStrength": 3,
        "stampedingSpeedModifier": 0.6,
        "stampedingSpeedRandomRangeDeviation": 0.5,
        "runSpeedModifier": 1.2,
        "playerJumpHeightMultiplier": 1,
        "playerJumpSpeedMultiplier": 1,
        "playerLassooBoostMultiplier": 1,
        "hasJumpOverride": false,
        "edible": true,
        "runLength": 4,
        "goingWildLength": 0.1,
        "centeringScale": 1,
        "playerJointOffset": [
            0,
            0,
            -0.2
        ],
        "playerJoint": "offset.CTRL_MAIN.offset_playerPos.playerPos",
        "angryRunSpeedModifier": 0,
        "buckWhenAngry": false,
        "zoomSpeedStart": 1.05,
        "zoomAccelerationRate": 0.075,
        "zoomMax": 1.6,
        "runAnimInStampede": false,
        "ignoreZoomAnimation": false,
        "smashAnimals": false,
        "smashAnimalStengthLimited": false,
        "immuneToSmashing": false,
        "immuneToObstaclesWhileBoosting": false,
        "waterSpeedMultiplier": -0.55,
        "captureLengthArray": [
            4,
            5,
            5.8,
            6.4,
            6.6,
            6.8,
            7
        ],
        "bark": "Bark_Ostrich_01.mp3",
        "leanScale": 0.325
    },
    "1005": {
        "class": "Giraffe",
        "smashStrength": 6,
        "stampedingSpeedModifier": 0.8,
        "stampedingSpeedRandomRangeDeviation": 0.5,
        "runSpeedModifier": 1.1,
        "playerJumpHeightMultiplier": 1.6,
        "playerJumpSpeedMultiplier": 1.3,
        "playerLassooBoostMultiplier": 1.3,
        "hasJumpOverride": true,
        "edible": true,
        "runLength": 10,
        "goingWildLength": 0.45,
        "centeringScale": 1,
        "flyHeight": 5,
        "runTime": 1,
        "risingTime": 1,
        "diveRate": 16,
        "risingCurve": [
            [
                1,
                1,
                0,
                0,
                0,
                1
            ]
        ],
        "playerJointOffset": [
            0,
            0,
            -0.2
        ],
        "playerJoint": "offset.CTRL_MAIN.offset_playerPos.playerPos",
        "angryRunSpeedModifier": 0,
        "buckWhenAngry": false,
        "smashAnimals": false,
        "smashAnimalStengthLimited": false,
        "immuneToSmashing": false,
        "immuneToObstaclesWhileBoosting": false,
        "waterSpeedMultiplier": -0.55,
        "captureLengthArray": [
            7,
            9
        ],
        "bark": "Bark_Ostrich_02.mp3",
        "leanScale": 0.2
    },
    "1006": {
        "class": "AnimalFlyer",
        "smashStrength": 3,
        "stampedingSpeedModifier": 0.8,
        "stampedingSpeedRandomRangeDeviation": 0.5,
        "runSpeedModifier": 1.7,
        "playerJumpHeightMultiplier": 1,
        "playerJumpSpeedMultiplier": 1,
        "playerLassooBoostMultiplier": 1,
        "hasJumpOverride": false,
        "edible": false,
        "runLength": 3.5,
        "goingWildLength": 0,
        "centeringScale": 0.5,
        "playerJointOffset": [
            0,
            -0.25,
            -0.5
        ],
        "startHeight": 10,
        "cruiseHeight": 4,
        "riddenHeight": 10,
        "angryDescentSpeed": 2.5,
        "leavingAscentSpeed": 14,
        "targetDistance": 16,
        "waitDuration": 5,
        "oscilateMax": 1.3,
        "oscilateAccel": 0.3,
        "oscilateAccelUpgrade": 0.2,
        "bottomTimeRegular": 0.5,
        "regularSwoop": [
            [
                0,
                1,
                0.087,
                0.884,
                0,
                0.087
            ],
            [
                0.5,
                0,
                0.087,
                0.884,
                0.087,
                0.913
            ],
            [
                1,
                1,
                0.913,
                0.884,
                0.913,
                1
            ]
        ],
        "playerJoint": "offset.ctrl_Main.offset_playerPos.playerPos",
        "angryRunSpeedModifier": 0,
        "buckWhenAngry": false,
        "smashAnimals": false,
        "smashAnimalStengthLimited": false,
        "immuneToSmashing": false,
        "immuneToObstaclesWhileBoosting": false,
        "heightMultiplierMinimum": 1,
        "heightMultiplierDecayRate": 0,
        "heightMultiplierDecayRateUpgrade": 0,
        "startFlyState": 3,
        "waterSpeedMultiplier": -0.55,
        "captureLengthArray": [
            6,
            7,
            7.8,
            8.1,
            8.4,
            8.7,
            9
        ],
        "bark": "Bark_Vulture_01.mp3",
        "leanScale": 0.5
    },
    "1007": {
        "class": "AnimalPredator",
        "smashStrength": 3,
        "stampedingSpeedModifier": 0.8,
        "stampedingSpeedRandomRangeDeviation": 0.5,
        "runSpeedModifier": 1.2,
        "playerJumpHeightMultiplier": 1,
        "playerJumpSpeedMultiplier": 1,
        "playerLassooBoostMultiplier": 1,
        "hasJumpOverride": false,
        "edible": true,
        "runLength": 6,
        "goingWildLength": 2.5,
        "centeringScale": 1,
        "playerJointOffset": [
            0,
            -0.4,
            -0.5
        ],
        "eatTimerBonus": 0.9,
        "eatTimerBonusDecay": 0.045,
        "eatTimerBonusDecayMax": 0.45,
        "eatCooldown": 0.05,
        "playerJoint": "offset.ctrl_main.offset_playerPos.playerPos",
        "angryRunSpeedModifier": 0,
        "buckWhenAngry": false,
        "smashAnimals": false,
        "smashAnimalStengthLimited": false,
        "immuneToSmashing": false,
        "immuneToObstaclesWhileBoosting": false,
        "speedDropOffCurve": [
            [
                0.382,
                0.970,
                0,
                0,
                0,
                0.382
            ],
            [
                1,
                1,
                0.382,
                0.970,
                0.382,
                1
            ]
        ],
        "waterSpeedMultiplier": -0.55,
        "captureLengthArray": [
            5,
            8,
            9,
            10,
            10.5,
            10.7,
            10.8
        ],
        "bark": "Bark_Lion_01.mp3",
        "leanScale": 0.2
    },
    "1008": {
        "class": "AnimalBoar",
        "smashStrength": 3,
        "stampedingSpeedModifier": 0.6,
        "stampedingSpeedRandomRangeDeviation": 0.4,
        "runSpeedModifier": 1,
        "playerJumpHeightMultiplier": 1,
        "playerJumpSpeedMultiplier": 1,
        "playerLassooBoostMultiplier": 1,
        "hasJumpOverride": false,
        "edible": true,
        "runLength": 4.5,
        "goingWildLength": 0.075,
        "centeringScale": 1,
        "buckArray": [
            {
                "maxBuckLength": 0.2,
                "heightModifier": 2.6
            }
        ],
        "playerJointOffset": [
            0,
            -0.15,
            -0.5
        ],
        "buckArc": [
            [
                0.5,
                1,
                0,
                0,
                0,
                1
            ]
        ],
        "playerJoint": "offset.ctrl_main.offset_playerPos.playerPos",
        "angryRunSpeedModifier": 0,
        "buckWhenAngry": true,
        "smashAnimals": false,
        "smashAnimalStengthLimited": false,
        "immuneToSmashing": false,
        "immuneToObstaclesWhileBoosting": false,
        "zoomSpeedStart": 1,
        "zoomAccelerationRate": 0.2,
        "zoomMax": 2,
        "runAnimInStampede": false,
        "ignoreZoomAnimation": false,
        "waterSpeedMultiplier": -0.65,
        "captureLengthArray": [
            5.5,
            6.5,
            7.5,
            7.8,
            8.2,
            8.4,
            8.5
        ],
        "bark": "Bark_Boar_01.mp3",
        "leanScale": 0.2
    },
    "1009": {
        "class": "AnimalVaulter",
        "playerJointOffset": [
            0,
            0.25,
            -0.5
        ],
        "stampedingSpeedModifier": 0.4,
        "stampedingSpeedRandomRangeDeviation": 0,
        "runSpeedModifier": 1.25,
        "angryRunSpeedModifier": 0,
        "runLength": 12,
        "goingWildLength": 0.69,
        "centeringScale": 1,
        "maxWaterDepth": 0.9,
        "wetness": 0,
        "waterDepth": 0,
        "immuneToObstaclesWhileBoosting": false,
        "smashStrength": 3,
        "smashAnimals": false,
        "smashAnimalStengthLimited": false,
        "edible": true,
        "immuneToSmashing": false,
        "buckWhenAngry": false,
        "playerJumpHeightMultiplier": 1,
        "playerJumpSpeedMultiplier": 1,
        "playerLassooBoostMultiplier": 1,
        "hasJumpOverride": false,
        "playerJoint": "offset.Ctrl_MAIN.offset_playerPos.playerPos",
        "vaultStrength": 9,
        "jumpForce": 30,
        "gravity": 120,
        "shockwaveRadius": 5,
        "shockwaveRadiusLarge": 10,
        "smashOnLanding": true,
        "waterSpeedMultiplier": -0.55,
        "captureLengthArray": [
            8,
            9,
            10,
            11,
            11.5,
            11.8,
            11.9
        ],
        "bark": "Bark_Gorilla_01.mp3",
        "leanScale": 0.2
    },
    "1010": {
        "class": "Alligator",
        "playerJointOffset": [
            0,
            0,
            0
        ],
        "stampedingSpeedModifier": 0.3,
        "stampedingSpeedRandomRangeDeviation": 0.1,
        "runSpeedModifier": 0.85,
        "angryRunSpeedModifier": 0,
        "runLength": 13,
        "goingWildLength": 2.5,
        "centeringScale": 1,
        "maxWaterDepth": 0.9,
        "wetness": 0,
        "waterDepth": 0,
        "immuneToObstaclesWhileBoosting": false,
        "smashStrength": 3,
        "smashAnimals": false,
        "smashAnimalStengthLimited": false,
        "edible": true,
        "immuneToSmashing": false,
        "buckWhenAngry": false,
        "playerJumpHeightMultiplier": 1,
        "playerJumpSpeedMultiplier": 1,
        "playerLassooBoostMultiplier": 1,
        "hasJumpOverride": false,
        "playerJoint": "offset.ctrl_main.offset_playerPos.playerPos",
        "eatTimerBonus": 1.3,
        "eatTimerBonusDecay": 0.11,
        "eatTimerBonusDecayMax": 1,
        "eatCooldown": 0.1,
        "speedDropOffCurve": [
            [
                0.382,
                0.970,
                0,
                0,
                0,
                0.382
            ],
            [
                1,
                1,
                0.382,
                0.970,
                0.382,
                1
            ]
        ],
        "waterSpeedMultiplier": 0.7,
        "captureLengthArray": [
            10,
            11,
            12,
            12.5,
            12.8,
            13,
            13.2
        ],
        "bark": "Bark_Hydra_05.mp3",
        "leanScale": 0
    },
    "1011": {
        "class": "AnimalStopper",
        "playerJointOffset": [
            0,
            0,
            -0.5
        ],
        "stampedingSpeedModifier": 0.5,
        "stampedingSpeedRandomRangeDeviation": 0,
        "runSpeedModifier": 0.75,
        "angryRunSpeedModifier": 0,
        "runLength": 6,
        "goingWildLength": 4,
        "centeringScale": 1,
        "maxWaterDepth": 0.9,
        "wetness": 0,
        "waterDepth": 0,
        "immuneToObstaclesWhileBoosting": false,
        "smashStrength": 3,
        "smashAnimals": false,
        "smashAnimalStengthLimited": false,
        "edible": false,
        "immuneToSmashing": false,
        "buckWhenAngry": false,
        "playerJumpHeightMultiplier": 1,
        "playerJumpSpeedMultiplier": 1,
        "playerLassooBoostMultiplier": 1,
        "hasJumpOverride": false,
        "playerJoint": "offset.Ctrl_Main.offset_playerPos.playerPos",
        "energyMax": 1,
        "energyDecayRate": 0.052,
        "energyGainRate": 3,
        "_energyChargeThreshold": 0.98,
        "chargeBaseSpeedMultiplier": 2,
        "decayRateIncrease": 0.01,
        "maxDecayRateMultiplier": 4,
        "dontUseChargeSmashProperties": false,
        "onAngryThrow": false,
        "goinWildTimeScale": 0,
        "speedDropOffCurve": [
            [
                0,
                0,
                0.29,
                0.292,
                0,
                0.292
            ],
            [
                0.29,
                0.292,
                0.554,
                0.852,
                0.29,
                0.554
            ],
            [
                0.554,
                0.852,
                1,
                1.5,
                0.554,
                1
            ]
        ],
        "waterSpeedMultiplier": 0,
        "captureLengthArray": [
            8.5,
            10,
            10.8,
            11.4,
            11.6,
            11.8,
            12
        ],
        "bark": "Bark_Hippo_01.mp3",
        "leanScale": 0.2
    },
    "1012": {
        "class": "Rhino",
        "playerJointOffset": [
            0,
            0.25,
            -0.5
        ],
        "stampedingSpeedModifier": 0.3,
        "stampedingSpeedRandomRangeDeviation": 0.1,
        "runSpeedModifier": 1.2,
        "angryRunSpeedModifier": 0,
        "runLength": 8,
        "goingWildLength": 0.38,
        "centeringScale": 1,
        "maxWaterDepth": 0.9,
        "wetness": 0,
        "waterDepth": 0,
        "immuneToObstaclesWhileBoosting": false,
        "smashStrength": 6,
        "smashAnimals": false,
        "smashAnimalStengthLimited": false,
        "edible": false,
        "immuneToSmashing": false,
        "buckWhenAngry": false,
        "playerJumpHeightMultiplier": 1,
        "playerJumpSpeedMultiplier": 0.9,
        "playerLassooBoostMultiplier": 1,
        "hasJumpOverride": false,
        "playerJoint": "offset.Ctrl_Main.offset_playerPos.playerPos",
        "slapWhenAngry": false,
        "speedCurve": [
            [
                1,
                2,
                0,
                0,
                0,
                1
            ]
        ],
        "smashTIncrease": 0.1,
        "waterSpeedMultiplier": -0.3,
        "captureLengthArray": [
            6,
            7,
            7.1,
            7.2,
            7.3,
            7.35,
            7.4
        ],
        "bark": "Bark_Rhino_01.mp3",
        "leanScale": 0.2
    },
    "1013": {
        "class": "AnimalPredator",
        "playerJointOffset": [
            0,
            -0.4,
            -0.5
        ],
        "stampedingSpeedModifier": 0.6,
        "stampedingSpeedRandomRangeDeviation": 0.2,
        "runSpeedModifier": 1.25,
        "angryRunSpeedModifier": 0,
        "runLength": 7,
        "goingWildLength": 2.5,
        "centeringScale": 1,
        "maxWaterDepth": 0.9,
        "wetness": 0,
        "waterDepth": 0,
        "immuneToObstaclesWhileBoosting": false,
        "smashStrength": 6,
        "smashAnimals": false,
        "smashAnimalStengthLimited": false,
        "edible": true,
        "immuneToSmashing": false,
        "buckWhenAngry": false,
        "playerJumpHeightMultiplier": 1,
        "playerJumpSpeedMultiplier": 1,
        "playerLassooBoostMultiplier": 1,
        "hasJumpOverride": false,
        "playerJoint": "offset.ctrl_main.offset_playerPos.playerPos",
        "eatTimerBonus": 0.9,
        "eatTimerBonusDecay": 0.055,
        "eatTimerBonusDecayMax": 0.7,
        "eatCooldown": 0.05,
        "speedDropOffCurve": [
            [
                0.382,
                0.970,
                0,
                0,
                0,
                0.382
            ],
            [
                1,
                1,
                0.382,
                0.970,
                0.382,
                1
            ]
        ],
        "waterSpeedMultiplier": -0.7,
        "captureLengthArray": [
            8,
            9,
            9.5,
            10,
            10.5,
            10.8,
            11
        ],
        "bark": "Bark_Lion_02.mp3",
        "leanScale": 0.2
    },
    "1014": {
        "class": "AnimalFlyer",
        "playerJointOffset": [
            0,
            -0.25,
            -0.5
        ],
        "stampedingSpeedModifier": 0.95,
        "stampedingSpeedRandomRangeDeviation": 0.2,
        "runSpeedModifier": 1.6,
        "angryRunSpeedModifier": 0,
        "runLength": 2.5,
        "goingWildLength": 0,
        "centeringScale": 0.5,
        "maxWaterDepth": 0.9,
        "wetness": 0,
        "waterDepth": 0,
        "immuneToObstaclesWhileBoosting": false,
        "smashStrength": 3,
        "smashAnimals": false,
        "smashAnimalStengthLimited": false,
        "edible": true,
        "immuneToSmashing": false,
        "leanScale": 0.5,
        "buckWhenAngry": false,
        "playerJumpHeightMultiplier": 1,
        "playerJumpSpeedMultiplier": 1,
        "playerLassooBoostMultiplier": 1,
        "hasJumpOverride": false,
        "startHeight": 4,
        "cruiseHeight": 4,
        "riddenHeight": 10,
        "angryDescentSpeed": 2.5,
        "leavingAscentSpeed": 14,
        "targetDistance": 10,
        "waitDuration": 5,
        "oscilateMax": 1.3,
        "oscilateAccel": 0.3,
        "oscilateAccelUpgrade": 0.2,
        "regularSwoop": [
            [
                0,
                1,
                0.087,
                0.884,
                0,
                0.087
            ],
            [
                0.5,
                0,
                0.087,
                0.884,
                0.087,
                0.913
            ],
            [
                1,
                1,
                0.913,
                0.884,
                0.913,
                1
            ]
        ],
        "bottomTimeRegular": 0.5,
        "heightMultiplierMinimum": 1,
        "heightMultiplierDecayRate": 0,
        "heightMultiplierDecayRateUpgrade": 0,
        "playerJoint": "offset.ctrl_Main.offset_playerPos.playerPos",
        "startFlyState": 4,
        "waterSpeedMultiplier": -0.55,
        "captureLengthArray": [
            6,
            7,
            8,
            9,
            9.5,
            9.8,
            10
        ],
        "bark": "Bark_Toucan_01.mp3"
    },
    "1015": {
        "class": "AnimalCuddler",
        "playerJointOffset": [
            0,
            0,
            -0.5
        ],
        "stampedingSpeedModifier": 0.45,
        "stampedingSpeedRandomRangeDeviation": 0.2,
        "runSpeedModifier": 1.05,
        "angryRunSpeedModifier": 0,
        "runLength": 7,
        "goingWildLength": 2.5,
        "centeringScale": 1,
        "maxWaterDepth": 0.9,
        "wetness": 0,
        "waterDepth": 0,
        "immuneToObstaclesWhileBoosting": false,
        "smashStrength": 3,
        "smashAnimals": false,
        "smashAnimalStengthLimited": false,
        "leanScale": 0.3,
        "edible": false,
        "immuneToSmashing": false,
        "buckWhenAngry": false,
        "buckArray": [
            {
                "maxBuckLength": 0.35,
                "heightModifier": 1
            }
        ],
        "buckArc": [
            [
                0.5,
                1,
                0,
                0,
                0,
                1
            ]
        ],
        "playerJumpHeightMultiplier": 1.1,
        "playerJumpSpeedMultiplier": 1.1,
        "playerLassooBoostMultiplier": 1,
        "hasJumpOverride": false,
        "playerJoint": "offset.ctrl_main.offset_playerPos.playerPos",
        "waterSpeedMultiplier": -0.55,
        "captureLengthArray": [
            6,
            6.3,
            6.6,
            9,
            9.1,
            9.2,
            9.3,
            9.4
        ],
        "energyBonus": 1.5,
        "energyBonusDecay": 0.1,
        "energyBonusDecayMax": 1,
        "speedDropOffCurve": [
            [
                0.344,
                0.904,
                0,
                0,
                0,
                0.344
            ],
            [
                1,
                1,
                0.344,
                0.904,
                0.344,
                1
            ]
        ],
        "bumpCooldownTime": 0.2
    },
    "1016": {
        "class": "AnimalChineseDragon",
        "playerJointOffset": [
            0,
            0.25,
            -0.5
        ],
        "stampedingSpeedModifier": 0.9,
        "stampedingSpeedRandomRangeDeviation": 0.2,
        "runSpeedModifier": 1.4,
        "angryRunSpeedModifier": 0,
        "runLength": 7,
        "goingWildLength": 0,
        "centeringScale": 1,
        "maxWaterDepth": 0.6,
        "wetness": 0,
        "waterDepth": 0,
        "immuneToObstaclesWhileBoosting": false,
        "smashStrength": 7,
        "smashAnimals": true,
        "smashAnimalStengthLimited": false,
        "leanScale": 0.15,
        "edible": false,
        "immuneToSmashing": true,
        "buckWhenAngry": true,
        "buckArray": [
            {
                "maxBuckLength": 2,
                "heightModifier": 0.6
            }
        ],
        "buckArc": [
            [
                0.25,
                1,
                0,
                0,
                0,
                0.5
            ],
            [
                0.75,
                1,
                1,
                1,
                0.5,
                1
            ]
        ],
        "playerJumpHeightMultiplier": 1.2,
        "playerJumpSpeedMultiplier": 1.1,
        "playerLassooBoostMultiplier": 1.2,
        "hasJumpOverride": false,
        "playerJoint": "offset.ctrl_main.offset_playerPos.playerPos",
        "waterSpeedMultiplier": -0.25,
        "captureLengthArray": [
            5,
            5.2,
            5.4,
            5.6,
            5.7,
            5.8,
            5.9,
            6
        ],
        "slapWhenAngry": false,
        "leavingAscentSpeed": 5,
        "leavingAngleSpeed": 1,
        "goingWildRunSpeed": 1.3
    },
    "1017": {
        "class": "AnimalVaulter",
        "playerJointOffset": [
            0,
            0.25,
            -0.5
        ],
        "stampedingSpeedModifier": 0.55,
        "stampedingSpeedRandomRangeDeviation": 0.2,
        "runSpeedModifier": 1.05,
        "angryRunSpeedModifier": 0,
        "runLength": 7,
        "goingWildLength": 0.45,
        "centeringScale": 1,
        "maxWaterDepth": 0.9,
        "wetness": 0,
        "waterDepth": 0,
        "immuneToObstaclesWhileBoosting": false,
        "leanScale": 0.2,
        "smashStrength": 3,
        "smashAnimals": false,
        "smashAnimalStengthLimited": false,
        "edible": true,
        "immuneToSmashing": false,
        "buckWhenAngry": false,
        "playerJumpHeightMultiplier": 1,
        "playerJumpSpeedMultiplier": 1.25,
        "playerLassooBoostMultiplier": 1,
        "hasJumpOverride": false,
        "playerJoint": "offset.Ctrl_MAIN.offset_playerPos.playerPos",
        "vaultStrength": 12,
        "jumpForce": 27,
        "jumpForceToilet": 37,
        "jumpForceUnridden": 27,
        "jumpSpeedUnridden": 4.3,
        "gravity": 100,
        "shockwaveRadius": 2,
        "shockwaveRadiusLarge": 2,
        "smashOnLanding": false,
        "energyMax": 1,
        "energyDecayRate": 0.12,
        "energyGain": 0.18,
        "energyGainUpgrade": 0.3,
        "decayRateIncrease": 0.018,
        "maxDecayRateMultiplier": 10,
        "speedDropOffCurve": [
            [
                0.14,
                0.484,
                0,
                0.1,
                0,
                0.14
            ],
            [
                1,
                1,
                0.14,
                0.484,
                0.14,
                1
            ]
        ],
        "waterSpeedMultiplier": -0.55,
        "captureLengthArray": [
            7,
            8,
            9,
            10,
            10.2,
            10.3,
            10.4
        ],
        "bark": "Bark_Gorilla_01.mp3"
    },
    "1018": {
        "class": "AnimalBuckingSmasher",
        "playerJointOffset": [
            0,
            -0.2,
            -0.5
        ],
        "stampedingSpeedModifier": 0.4,
        "stampedingSpeedRandomRangeDeviation": 0.5,
        "runSpeedModifier": 1,
        "angryRunSpeedModifier": 0,
        "runLength": 6,
        "goingWildLength": 0.233,
        "centeringScale": 1,
        "maxWaterDepth": 0.9,
        "wetness": 0,
        "waterDepth": 0,
        "immuneToObstaclesWhileBoosting": false,
        "smashStrength": 6,
        "smashAnimals": true,
        "smashAnimalStengthLimited": false,
        "edible": false,
        "immuneToSmashing": false,
        "buckWhenAngry": true,
        "buckArray": [
            {
                "maxBuckLength": 0.5,
                "heightModifier": 5
            }
        ],
        "buckArc": [
            [
                0,
                0.131,
                0.077,
                0,
                0,
                0.077
            ],
            [
                0.5,
                1,
                0.077,
                0,
                0.077,
                0.923
            ],
            [
                1,
                0.131,
                0.923,
                0,
                0.923,
                1
            ]
        ],
        "playerJumpHeightMultiplier": 1,
        "playerJumpSpeedMultiplier": 1,
        "playerLassooBoostMultiplier": 1,
        "hasJumpOverride": false,
        "playerJoint": "offset.ctrl_main.offset_playerPos.playerPos",
        "waterSpeedMultiplier": -0.55
    }
}