{
    "chunksPath": "game/Conventional/",
    "AFR": {
        "start": [
            "AFR_LevelChunkStart",
            "AFR_LevelChunkTransition1to2",
            "AFR_LevelChunkTransition2to3"
        ],
        "worlds": [
            [
                "AFR_0m_openWide",
                "AFR_0m_thinNoObs",
                "AFR_0m_easySnake",
                "AFR_0m_wideWithTreasureGoalposts",
                "AFR_0m_thinTreasureTuckedAway",
                "AFR_0m_wideForest",
                "AFR_0m_wideRocky"
            ],
            [
                "AFR_1000m_bulgeObstaclesTreasure",
                "AFR_1000m_straightWithRiver",
                "AFR_1000m_longWithBend",
                "AFR_1000m_thinButEasy",
                "AFR_1000m_snake",
                "AFR_1000m_veryWideWithSplit"
            ],
            [
                "AFR_2000m_veryThin",
                "AFR_2000m_BendRiverObs",
                "AFR_2000m_hardSplit",
                "AFR_2000m_forestOfPain",
                "AFR_2000m_doubleSplit"
            ]
        ],
        "load": [
            "afr_round",
            "afr_water_l",
            "afr_waterStop_r",
            "afr_i2_l",
            "afr_i4_l",
            "afr_o2_l",
            "afr_o4_l",
            "afr_s_l",
            "afr_i2_r",
            "afr_i4_r",
            "afr_o2_r",
            "afr_o4_r",
            "afr_s_r",
            "WorldTransition"
        ],
        "i2": "afr_i2",
        "i4": "afr_i4",
        "o2": "afr_o2",
        "o4": "afr_o4",
        "s": "afr_s",
        "scene": "Game",
        "camera": "CameraAfr",
        "topMat": "Assets/Materials/AFR/m_afr__levelTOP.lmat",
        "baseMat": "Assets/Materials/AFR/m_afr__levelBOT.lmat",
        "groundMat": "Assets/Materials/FARM/m_farm__ground.lmat",
        "treeTopMat": "Assets/Materials/AFR/m_afr_treesTOP.lmat",
        "treeBotMat": "Assets/Materials/AFR/m_afr_treesBOT.lmat",
        "rockMat": "Assets/Materials/AFR/m_afr_rocks.lmat",
        "rockTopMat": "Assets/Materials/AFR/m_afr_rocks.lmat",
        "shrubTopMat": "Assets/Materials/AFR/m_afr_shrubsTOP.lmat",
        "shrubBotMat": "Assets/Materials/AFR/m_afr_shrubsBOT.lmat",
        "groundColor": [
            [
                0.9875,
                1,
                0.75,
                1
            ],
            [
                1,
                0.8965152,
                0.7971698,
                1
            ],
            [
                1,
                0.7617615,
                0.6933962,
                1
            ]
        ],
        "topColor": [
            [
                0.5366002,
                0.6509434,
                0.3039783,
                1
            ],
            [
                0.509434,
                0.4564815,
                0.1802243,
                1
            ],
            [
                0.4245283,
                0.3611784,
                0.2142666,
                1
            ]
        ],
        "baseColor": [
            [
                0.6981132,
                0.4951814,
                0.3194197,
                1
            ],
            [
                0.5,
                0.213434,
                0.1627358,
                1
            ],
            [
                0.3867925,
                0.2754984,
                0.3810417,
                1
            ]
        ],
        "rockTopColor": [
            [
                0.5366002,
                0.6509434,
                0.3039783,
                1
            ],
            [
                0.509434,
                0.4564815,
                0.1802243,
                1
            ],
            [
                0.4245283,
                0.3611784,
                0.2142666,
                1
            ]
        ],
        "rockColor": [
            [
                0.6981132,
                0.4951814,
                0.3194197,
                1
            ],
            [
                0.5,
                0.213434,
                0.1627358,
                1
            ],
            [
                0.3867925,
                0.2754984,
                0.3810417,
                1
            ]
        ],
        "treeTopColor": [
            [
                0.5366002,
                0.6509434,
                0.3039783,
                1
            ],
            [
                0.509434,
                0.4564815,
                0.1802243,
                1
            ],
            [
                0.4245283,
                0.3611784,
                0.2142666,
                1
            ]
        ],
        "treeBotColor": [
            [
                0.4622642,
                0.4054786,
                0.3510591,
                1
            ],
            [
                0.5283019,
                0.3827227,
                0.3314347,
                1
            ],
            [
                0.4622642,
                0.2115077,
                0.2194682,
                1
            ]
        ],
        "shrubBotColor": [
            [
                0.5846092,
                0.5846092,
                0.2896938,
                1
            ],
            [
                0.4433962,
                0.380225,
                0.06065327,
                1
            ],
            [
                0.4528302,
                0.2808137,
                0.1772873,
                1
            ]
        ],
        "shrubTopColor": [
            [
                0.5366002,
                0.6509434,
                0.3039783,
                1
            ],
            [
                0.509434,
                0.4564815,
                0.1802243,
                1
            ],
            [
                0.5377358,
                0.3802536,
                0.2105286,
                1
            ]
        ]
    },
    "JUN": {
        "start": [
            "JUN_LevelChunkStart",
            "JUN_LevelChunkTransition1to2",
            "JUN_LevelChunkTransition2to3"
        ],
        "worlds": [
            [
                "JUN_0m_thinWetNoObs",
                "JUN_0m_WideWetTrees",
                "JUN_0m_wideObsWithRiver",
                "JUN_0m_thinDryObstaclesCoin",
                "JUN_0m_wideLakeTreasureObs",
                "JUN_0m_MediumDry",
                "JUN_0m_longDry"
            ],
            [
                "JUN_1000m_longDryBend",
                "JUN_1000m_wideLongVeryWet",
                "JUN_1000m_thinWetLong",
                "JUN_1000m_shortThinDryCoin",
                "JUN_1000m_BigMiddleLake",
                "JUN_1000m_ThinDry"
            ],
            [
                "JUN_2000m_thinWet",
                "JUN_2000m_MediumDryCoin",
                "JUN_2000m_longDryThin",
                "JUN_2000m_sBend",
                "JUN_2000m_mediumObstacles"
            ]
        ],
        "load": [
            "j_lake_small",
            "j_lake_S",
            "j_lake_long",
            "jun_round",
            "jun_i8_l",
            "jun_i8_r",
            "jun_o8_l",
            "jun_o8_r",
            "jun_i2_l",
            "jun_i4_l",
            "jun_o2_l",
            "jun_o4_l",
            "jun_s_l",
            "jun_i2_r",
            "jun_i4_r",
            "jun_o2_r",
            "jun_o4_r",
            "jun_s_r",
            "WorldTransition"
        ],
        "i2": "jun_i2",
        "i4": "jun_i4",
        "o2": "jun_o2",
        "o4": "jun_o4",
        "s": "jun_s",
        "scene": "Game_Jun",
        "camera": "CameraJun",
        "topMat": "Assets/Materials/JUN/m_jun__level_all.lmat",
        "baseMat": "Assets/Materials/JUN/m_jun__level_all.lmat",
        "groundMat": "Assets/Materials/JUN/m_jun__ground.lmat",
        "treeTopMat": "Assets/Materials/JUN/m_jun__level_all.lmat",
        "treeBotMat": "Assets/Materials/JUN/m_jun__level_all.lmat",
        "rockMat": "Assets/Materials/JUN/m_jun__level_all.lmat",
        "rockTopMat": "Assets/Materials/JUN/m_jun__level_all.lmat",
        "shrubTopMat": "Assets/Materials/JUN/m_jun_shrubsTOP.lmat",
        "shrubBotMat": "Assets/Materials/JUN/m_jun_shrubsBOT.lmat",
        "groundColor": [
            [
                0.6415094,
                0.5416518,
                0.6248665,
                1
            ],
            [
                0.5702277,
                0.7924528,
                0.5420078,
                1
            ],
            [
                0.3560431,
                0.484083,
                0.5943396,
                1
            ]
        ],
        "topColor": [
            [
                0.3345942,
                0.6886792,
                0.5692365,
                1
            ],
            [
                0.4940991,
                0.745283,
                0.4324048,
                1
            ],
            [
                0,
                0.7828072,
                0.9339623,
                1
            ]
        ],
        "baseColor": [
            [
                0.630785,
                0.764151,
                0.6678311,
                1
            ],
            [
                0.8396226,
                0.7243937,
                0.613875,
                1
            ],
            [
                1,
                0.6462264,
                0.9257861,
                1
            ]
        ],
        "rockTopColor": [
            [
                0.3345942,
                0.6886792,
                0.5692365,
                1
            ],
            [
                0.4940991,
                0.745283,
                0.4324048,
                1
            ],
            [
                0,
                0.7828072,
                0.9339623,
                1
            ]
        ],
        "rockColor": [
            [
                0.5529412,
                0.4980392,
                0.4784314,
                1
            ],
            [
                0.8301887,
                0.8072847,
                0.5521538,
                1
            ],
            [
                0.5801887,
                0.754632,
                1,
                1
            ]
        ],
        "treeTopColor": [
            [
                0.3345942,
                0.6886792,
                0.5692365,
                1
            ],
            [
                0.4940991,
                0.745283,
                0.4324048,
                1
            ],
            [
                0,
                0.7828072,
                0.9339623,
                1
            ]
        ],
        "treeBotColor": [
            [
                0.8773585,
                0.6301326,
                0.6000801,
                1
            ],
            [
                0.8773585,
                0.6301326,
                0.6000801,
                1
            ],
            [
                1,
                0.6462264,
                0.9257861,
                1
            ]
        ],
        "shrubBotColor": [
            [
                0.3066692,
                0.4811321,
                0.1611339,
                1
            ],
            [
                0.3764706,
                0.4470589,
                0.254902,
                1
            ],
            [
                0.3180313,
                0.3207547,
                0.25267,
                1
            ]
        ],
        "shrubTopColor": [
            [
                0.3513514,
                0.5,
                0.125,
                1
            ],
            [
                0.435089,
                0.5377358,
                0.134434,
                1
            ],
            [
                0.4150943,
                0.4009853,
                0.3191527,
                1
            ]
        ]
    }
}