{
    "shrub00": {
        "smashStrength": 1,
        "indestructable": false,
        "isHighObstacle": false,
        "isLevelEdge": false,
        "isCenterEdge": false,
        "isFallEdge": false,
        "isFrontEdge": false,
        "isArch": false,
        "jumpingPlayerDoesntCollide": false,
        "smashed": false,
        "boundsY": 2.547725,
        "destroyPfx": "pfx_smashCactus",
        "sound": "Impact_Plant.mp3"
    },
    "shrub01": {
        "smashStrength": 1,
        "indestructable": false,
        "isHighObstacle": false,
        "isLevelEdge": false,
        "isCenterEdge": false,
        "isFallEdge": false,
        "isFrontEdge": false,
        "isArch": false,
        "jumpingPlayerDoesntCollide": false,
        "smashed": false,
        "boundsY": 1.517685,
        "destroyPfx": "pfx_smashCactus",
        "sound": "Impact_Plant.mp3"
    },
    "shrub02": {
        "smashStrength": 1,
        "indestructable": false,
        "isHighObstacle": false,
        "isLevelEdge": false,
        "isCenterEdge": false,
        "isFallEdge": false,
        "isFrontEdge": false,
        "isArch": false,
        "jumpingPlayerDoesntCollide": false,
        "smashed": false,
        "boundsY": 1.005814,
        "destroyPfx": "pfx_smashCactus",
        "sound": "Impact_Plant.mp3"
    },
    "treesml": {
        "smashStrength": 5,
        "indestructable": false,
        "isHighObstacle": false,
        "isLevelEdge": false,
        "isCenterEdge": false,
        "isFallEdge": false,
        "isFrontEdge": false,
        "isArch": false,
        "jumpingPlayerDoesntCollide": false,
        "smashed": false,
        "boundsY": 3,
        "destroyPfx": "pfx_smashTree"
    },
    "treemed": {
        "smashStrength": 5,
        "indestructable": false,
        "isHighObstacle": true,
        "isLevelEdge": false,
        "isCenterEdge": false,
        "isFallEdge": false,
        "isFrontEdge": false,
        "isArch": false,
        "jumpingPlayerDoesntCollide": false,
        "smashed": false,
        "boundsY": 4,
        "destroyPfx": "pfx_smashTree"
    },
    "treebig": {
        "smashStrength": 5,
        "indestructable": false,
        "isHighObstacle": true,
        "isLevelEdge": false,
        "isCenterEdge": false,
        "isFallEdge": false,
        "isFrontEdge": false,
        "isArch": false,
        "jumpingPlayerDoesntCollide": false,
        "smashed": false,
        "boundsY": 5,
        "destroyPfx": "pfx_smashTree"
    },
    "rockHigh00": {
        "smashStrength": 7,
        "indestructable": false,
        "isHighObstacle": true,
        "isLevelEdge": false,
        "isCenterEdge": false,
        "isFallEdge": false,
        "isFrontEdge": false,
        "isArch": false,
        "jumpingPlayerDoesntCollide": false,
        "smashed": false,
        "boundsY": 4.5,
        "destroyPfx": "pfx_smashRock"
    },
    "rockHigh01": {
        "smashStrength": 7,
        "indestructable": false,
        "isHighObstacle": true,
        "isLevelEdge": false,
        "isCenterEdge": false,
        "isFallEdge": false,
        "isFrontEdge": false,
        "isArch": false,
        "jumpingPlayerDoesntCollide": false,
        "smashed": false,
        "boundsY": 4.5,
        "destroyPfx": "pfx_smashRock"
    },
    "rockHigh02": {
        "smashStrength": 7,
        "indestructable": false,
        "isHighObstacle": true,
        "isLevelEdge": false,
        "isCenterEdge": false,
        "isFallEdge": false,
        "isFrontEdge": false,
        "isArch": false,
        "jumpingPlayerDoesntCollide": false,
        "smashed": false,
        "boundsY": 5,
        "destroyPfx": "pfx_smashRock"
    },
    "rockLow00": {
        "smashStrength": 7,
        "indestructable": false,
        "isHighObstacle": false,
        "isLevelEdge": false,
        "isCenterEdge": false,
        "isFallEdge": false,
        "isFrontEdge": false,
        "isArch": false,
        "jumpingPlayerDoesntCollide": false,
        "smashed": false,
        "boundsY": 3,
        "destroyPfx": "pfx_smashRock"
    },
    "rockLow01": {
        "smashStrength": 7,
        "indestructable": false,
        "isHighObstacle": false,
        "isLevelEdge": false,
        "isCenterEdge": false,
        "isFallEdge": false,
        "isFrontEdge": false,
        "isArch": false,
        "jumpingPlayerDoesntCollide": false,
        "smashed": false,
        "boundsY": 3,
        "destroyPfx": "pfx_smashRock"
    },
    "rockLow02": {
        "smashStrength": 7,
        "indestructable": false,
        "isHighObstacle": false,
        "isLevelEdge": false,
        "isCenterEdge": false,
        "isFallEdge": false,
        "isFrontEdge": false,
        "isArch": false,
        "jumpingPlayerDoesntCollide": false,
        "smashed": false,
        "boundsY": 3,
        "destroyPfx": "pfx_smashRock"
    },
    "jungleRockHigh0": {
        "smashStrength": 7,
        "indestructable": false,
        "isHighObstacle": true,
        "isLevelEdge": false,
        "isCenterEdge": false,
        "isFallEdge": false,
        "isFrontEdge": false,
        "isArch": false,
        "jumpingPlayerDoesntCollide": false,
        "smashed": false,
        "boundsY": 5.5,
        "destroyPfx": "pfx_smashRock"
    },
    "jungleRockHigh1": {
        "smashStrength": 7,
        "indestructable": false,
        "isHighObstacle": true,
        "isLevelEdge": false,
        "isCenterEdge": false,
        "isFallEdge": false,
        "isFrontEdge": false,
        "isArch": false,
        "jumpingPlayerDoesntCollide": false,
        "smashed": false,
        "boundsY": 5.5,
        "destroyPfx": "pfx_smashRock"
    },
    "jungleRockHigh2": {
        "smashStrength": 7,
        "indestructable": false,
        "isHighObstacle": true,
        "isLevelEdge": false,
        "isCenterEdge": false,
        "isFallEdge": false,
        "isFrontEdge": false,
        "isArch": false,
        "jumpingPlayerDoesntCollide": false,
        "smashed": false,
        "boundsY": 5.5,
        "destroyPfx": "pfx_smashRock"
    },
    "jungleRockLow0": {
        "smashStrength": 7,
        "indestructable": false,
        "isHighObstacle": false,
        "isLevelEdge": false,
        "isCenterEdge": false,
        "isFallEdge": false,
        "isFrontEdge": false,
        "isArch": false,
        "jumpingPlayerDoesntCollide": false,
        "smashed": false,
        "boundsY": 3.4,
        "destroyPfx": "pfx_smashRock"
    },
    "jungleRockLow1": {
        "smashStrength": 7,
        "indestructable": false,
        "isHighObstacle": false,
        "isLevelEdge": false,
        "isCenterEdge": false,
        "isFallEdge": false,
        "isFrontEdge": false,
        "isArch": false,
        "jumpingPlayerDoesntCollide": false,
        "smashed": false,
        "boundsY": 3.4,
        "destroyPfx": "pfx_smashRock"
    },
    "jungleRockLow2": {
        "smashStrength": 7,
        "indestructable": false,
        "isHighObstacle": false,
        "isLevelEdge": false,
        "isCenterEdge": false,
        "isFallEdge": false,
        "isFrontEdge": false,
        "isArch": false,
        "jumpingPlayerDoesntCollide": false,
        "smashed": false,
        "boundsY": 3.4,
        "destroyPfx": "pfx_smashRock"
    },
    "jungleShrub00": {
        "smashStrength": 1,
        "indestructable": false,
        "isHighObstacle": false,
        "isLevelEdge": false,
        "isCenterEdge": false,
        "isFallEdge": false,
        "isFrontEdge": false,
        "isArch": false,
        "jumpingPlayerDoesntCollide": false,
        "smashed": false,
        "boundsY": 2.547725,
        "sound": "Impact_Plant.mp3",
        "destroyPfx": "pfx_smashCactus"
    },
    "jungleShrub01": {
        "smashStrength": 1,
        "indestructable": false,
        "isHighObstacle": false,
        "isLevelEdge": false,
        "isCenterEdge": false,
        "isFallEdge": false,
        "isFrontEdge": false,
        "isArch": false,
        "jumpingPlayerDoesntCollide": false,
        "smashed": false,
        "boundsY": 1.517685,
        "sound": "Impact_Plant.mp3",
        "destroyPfx": "pfx_smashCactus"
    },
    "jungleShrub02": {
        "smashStrength": 1,
        "indestructable": false,
        "isHighObstacle": false,
        "isLevelEdge": false,
        "isCenterEdge": false,
        "isFallEdge": false,
        "isFrontEdge": false,
        "isArch": false,
        "jumpingPlayerDoesntCollide": false,
        "smashed": false,
        "boundsY": 1.005814,
        "sound": "Impact_Plant.mp3",
        "destroyPfx": "pfx_smashCactus"
    },
    "jungleTreeSmall": {
        "smashStrength": 5,
        "indestructable": false,
        "isHighObstacle": false,
        "isLevelEdge": false,
        "isCenterEdge": false,
        "isFallEdge": false,
        "isFrontEdge": false,
        "isArch": false,
        "jumpingPlayerDoesntCollide": false,
        "smashed": false,
        "boundsY": 3,
        "sound": "Impact_Plant.mp3",
        "destroyPfx": "pfx_smashTree"
    },
    "jungleTreeMed": {
        "smashStrength": 5,
        "indestructable": false,
        "isHighObstacle": true,
        "isLevelEdge": false,
        "isCenterEdge": false,
        "isFallEdge": false,
        "isFrontEdge": false,
        "isArch": false,
        "jumpingPlayerDoesntCollide": false,
        "smashed": false,
        "boundsY": 5,
        "destroyPfx": "pfx_smashTree"
    },
    "jungleTreeBig": {
        "smashStrength": 5,
        "indestructable": false,
        "isHighObstacle": true,
        "isLevelEdge": false,
        "isCenterEdge": false,
        "isFallEdge": false,
        "isFrontEdge": false,
        "isArch": false,
        "jumpingPlayerDoesntCollide": false,
        "smashed": false,
        "boundsY": 7,
        "destroyPfx": "pfx_smashTree"
    }
}