[
    {
        "pathWidenAmmount": 0,
        "startsHigh": true,
        "endsHigh": true,
        "dontRandomiseRotation": true,
        "imInTheCombinedMeshSoIwontSpawn": false,
        "rockHigh01": 6.4,
        "rockLow00": 3.6,
        "spawnAnimal": true,
        "encId": 1006,
        "skinIntInGenus": -1,
        "spawnChancePercentage": 10,
        "startIdle": false,
        "isBoss": false,
        "isFrontEdge": false,
        "isSharpEdge": false
    },
    {
        "pathWidenAmmount": 0,
        "startsHigh": true,
        "endsHigh": true,
        "dontRandomiseRotation": true,
        "imInTheCombinedMeshSoIwontSpawn": false,
        "realLevelPrefabArray": [],
        "spawnAnimal": true,
        "encId": 1010,
        "skinIntInGenus": -1,
        "spawnChancePercentage": 50,
        "startIdle": false,
        "isBoss": false,
        "isFrontEdge": false,
        "isSharpEdge": false
    }
]