[
    {
        "name": "pfx_dustcloud_sml",
        "prefab": "game/Conventional/pfx_dustcloud_sml.lh",
        "scene": {
            "teach": "first/Conventional/pfx_dustcloud_sml.lh"
        },
        "cache": {
            "game": 3
        },
        "time": 1
    },
    {
        "name": "pfx_chargeSmashActual",
        "prefab": "game/Conventional/pfx_chargeSmashActual.lh",
        "scene": {
            "game": "game/Conventional/pfx_chargeSmashActual.lh"
        },
        "cache": {
            "game": 1
        },
        "cachePos": [
            0,
            0,
            50
        ],
        "time": 1
    },
    {
        "name": "pfx_XPProgress",
        "prefab": "game/Conventional/pfx_XPProgress.lh",
        "scene": {
            "game": "game/Conventional/pfx_XPProgress.lh"
        },
        "cache": {
            "game": 1
        },
        "time": 1
    },
    {
        "name": "pfx_splashMud_med",
        "prefab": "game/Conventional/pfx_splashMud_med.lh",
        "scene": {
            "game": "game/Conventional/pfx_splashMud_med.lh"
        },
        "cache": {
            "game": 1
        },
        "time": 1
    },
    {
        "name": "pfx_smashCactus",
        "prefab": "game/Conventional/pfx_smashCactus.lh",
        "scene": {
            "game": "game/Conventional/pfx_smashCactus.lh"
        },
        "cache": {
            "game": 1
        },
        "time": 1
    },
    {
        "name": "pfx_dustcloud_headOn",
        "prefab": "game/Conventional/pfx_dustcloud_headOn.lh",
        "scene": {
            "game": "game/Conventional/pfx_dustcloud_headOn.lh"
        },
        "cache": {
            "game": 1
        },
        "time": 1
    },
    {
        "name": "pfx_money_1",
        "prefab": "game/Conventional/pfx_money_1.lh",
        "scene": {
            "game": "game/Conventional/pfx_money_1.lh"
        },
        "cache": {
            "game": 1
        },
        "time": 1
    },
    {
        "name": "pfx_money_10",
        "prefab": "game/Conventional/pfx_money_10.lh",
        "scene": {
            "game": "game/Conventional/pfx_money_10.lh"
        },
        "cache": {
            "game": 1
        },
        "time": 1
    },
    {
        "name": "pfx_money_50",
        "prefab": "game/Conventional/pfx_money_50.lh",
        "scene": {
            "game": "game/Conventional/pfx_money_50.lh"
        },
        "cache": {
            "game": 1
        },
        "time": 1
    },
    {
        "name": "pfx_money_250",
        "prefab": "game/Conventional/pfx_money_250.lh",
        "scene": {
            "game": "game/Conventional/pfx_money_250.lh"
        },
        "cache": {
            "game": 1
        },
        "time": 1
    },
    {
        "name": "pfx_smashTree",
        "prefab": "game/Conventional/pfx_smashTree.lh",
        "scene": {
            "game": "game/Conventional/pfx_smashTree.lh"
        },
        "cache": {
            "game": 1
        },
        "time": 1
    },
    {
        "name": "pfx_smashRock",
        "prefab": "game/Conventional/pfx_smashRock.lh",
        "scene": {
            "game": "game/Conventional/pfx_smashRock.lh"
        },
        "cache": {
            "game": 1
        },
        "time": 1
    },
    {
        "name": "pfx_collectSmash",
        "prefab": "game/Conventional/pfx_collectSmash.lh",
        "scene": {
            "game": "game/Conventional/pfx_collectSmash.lh"
        },
        "cache": {
            "game": 1
        },
        "time": 1
    }
]