{
    "0": {
        "0": {
            "metersPerAnimal": 16,
            "animal": [
                {
                    "encId": 1001,
                    "chance": 100
                },
                {
                    "encId": 1002,
                    "chance": 7
                },
                {
                    "encId": 1003,
                    "chance": 2
                },
                {
                    "encId": 1004,
                    "chance": 5
                }
            ]
        },
        "1": {
            "metersPerAnimal": 11,
            "animal": [
                {
                    "encId": 1001,
                    "chance": 25
                },
                {
                    "encId": 1002,
                    "chance": 30
                },
                {
                    "encId": 1003,
                    "chance": 1
                },
                {
                    "encId": 1004,
                    "chance": 3
                },
                {
                    "encId": 1005,
                    "chance": 3
                },
                {
                    "encId": 1007,
                    "chance": 1.5
                }
            ]
        },
        "2": {
            "metersPerAnimal": 10,
            "animal": [
                {
                    "encId": 1001,
                    "chance": 15
                },
                {
                    "encId": 1002,
                    "chance": 30
                },
                {
                    "encId": 1003,
                    "chance": 0.1
                },
                {
                    "encId": 1004,
                    "chance": 2
                },
                {
                    "encId": 1005,
                    "chance": 2
                },
                {
                    "encId": 1007,
                    "chance": 2
                }
            ]
        }
    },
    "1": {
        "0": {
            "metersPerAnimal": 12,
            "animal": [
                {
                    "encId": 1008,
                    "chance": 100
                },
                {
                    "encId": 1009,
                    "chance": 9
                },
                {
                    "encId": 1011,
                    "chance": 2
                },
                {
                    "encId": 1014,
                    "chance": 2.4
                },
                {
                    "encId": 1012,
                    "chance": 2.4
                }
            ]
        },
        "1": {
            "metersPerAnimal": 14,
            "animal": [
                {
                    "encId": 1008,
                    "chance": 100
                },
                {
                    "encId": 1009,
                    "chance": 5
                },
                {
                    "encId": 1011,
                    "chance": 6
                },
                {
                    "encId": 1014,
                    "chance": 1.2
                },
                {
                    "encId": 1013,
                    "chance": 3.5
                },
                {
                    "encId": 1012,
                    "chance": 1
                }
            ]
        },
        "2": {
            "metersPerAnimal": 16,
            "animal": [
                {
                    "encId": 1008,
                    "chance": 100
                },
                {
                    "encId": 1009,
                    "chance": 7.5
                },
                {
                    "encId": 1011,
                    "chance": 4.5
                },
                {
                    "encId": 1014,
                    "chance": 3.5
                },
                {
                    "encId": 1013,
                    "chance": 0.6
                },
                {
                    "encId": 1012,
                    "chance": 0.5
                }
            ]
        }
    }
}