[
    {
        "res": "game/Conventional/Assets/Models/characters/punters/punters-punter0.lm",
        "age": 1,
        "id": 101,
        "name": "male0",
        "camera": false
    },
    {
        "res": "game/Conventional/Assets/Models/characters/punters/punters-punter1.lm",
        "age": 1,
        "id": 102,
        "name": "female0",
        "camera": false
    },
    {
        "res": "game/Conventional/Assets/Models/characters/punters/punters-punter3.lm",
        "age": 2,
        "id": 103,
        "name": "kid0",
        "camera": false
    },
    {
        "res": "game/Conventional/Assets/Models/characters/punters/punters-punter4.lm",
        "age": 2,
        "id": 104,
        "name": "kid1",
        "camera": false
    },
    {
        "res": "game/Conventional/Assets/Models/characters/punters/punters-punter5.lm",
        "age": 1,
        "id": 105,
        "name": "female1",
        "camera": false
    },
    {
        "res": "game/Conventional/Assets/Models/characters/punters/punters-punter6.lm",
        "age": 1,
        "id": 106,
        "name": "male1",
        "camera": false
    },
    {
        "res": "game/Conventional/Assets/Models/characters/punters/punters-punter7.lm",
        "age": 2,
        "id": 107,
        "name": "kid2",
        "camera": false
    },
    {
        "res": "game/Conventional/Assets/Models/characters/punters/punters-punter8.lm",
        "age": 2,
        "id": 108,
        "name": "kid3",
        "camera": false
    },
    {
        "res": "game/Conventional/Assets/Models/characters/punters/punters-punter9.lm",
        "age": 1,
        "id": 109,
        "name": "female2",
        "camera": false
    },
    {
        "res": "game/Conventional/Assets/Models/characters/punters/punters-punter10.lm",
        "age": 1,
        "id": 110,
        "name": "male2",
        "camera": false
    },
    {
        "res": "game/Conventional/Assets/Models/characters/punters/punters-punter11.lm",
        "age": 2,
        "id": 111,
        "name": "kid4",
        "camera": false
    },
    {
        "res": "game/Conventional/Assets/Models/characters/punters/punters-punter12.lm",
        "age": 2,
        "id": 112,
        "name": "kid5",
        "camera": false
    },
    {
        "res": "game/Conventional/Assets/Models/characters/punters/punters-punter13.lm",
        "age": 1,
        "id": 113,
        "name": "female3",
        "camera": false
    },
    {
        "res": "game/Conventional/Assets/Models/characters/punters/punters-punter14.lm",
        "age": 1,
        "id": 114,
        "name": "male3",
        "camera": false
    },
    {
        "res": "game/Conventional/Assets/Models/characters/punters/punters-punter15.lm",
        "age": 2,
        "id": 115,
        "name": "kid6",
        "camera": false
    },
    {
        "res": "game/Conventional/Assets/Models/characters/punters/punters-punter16.lm",
        "age": 2,
        "id": 116,
        "name": "kid7",
        "camera": false
    },
    {
        "res": "game/Conventional/Assets/Models/characters/punters/punters-punter17.lm",
        "age": 1,
        "id": 117,
        "name": "female4",
        "camera": false
    },
    {
        "res": "game/Conventional/Assets/Models/characters/punters/punters-punter18.lm",
        "age": 1,
        "id": 118,
        "name": "male4",
        "camera": false
    },
    {
        "res": "game/Conventional/Assets/Models/characters/punters/punters-punter19.lm",
        "age": 2,
        "id": 119,
        "name": "kid8",
        "camera": false
    },
    {
        "res": "game/Conventional/Assets/Models/characters/punters/punters-punter20.lm",
        "age": 2,
        "id": 120,
        "name": "kid9",
        "camera": false
    },
    {
        "res": "game/Conventional/Assets/Models/characters/punters/punters-punter21.lm",
        "age": 1,
        "id": 121,
        "name": "female5",
        "camera": false
    },
    {
        "res": "game/Conventional/Assets/Models/characters/punters/punters-punter22.lm",
        "age": 1,
        "id": 122,
        "name": "male5",
        "camera": false
    },
    {
        "res": "game/Conventional/Assets/Models/characters/punters/punters-punter25.lm",
        "age": 1,
        "id": 123,
        "name": "female6",
        "camera": false
    },
    {
        "res": "game/Conventional/Assets/Models/characters/punters/punters-punter26.lm",
        "age": 1,
        "id": 124,
        "name": "male6",
        "camera": false
    },
    {
        "res": "game/Conventional/Assets/Models/characters/punters/punters-punter29.lm",
        "age": 1,
        "id": 125,
        "name": "female7",
        "camera": false
    },
    {
        "res": "game/Conventional/Assets/Models/characters/punters/punters-punter30.lm",
        "age": 1,
        "id": 126,
        "name": "male7",
        "camera": false
    },
    {
        "res": "game/Conventional/Assets/Models/characters/punters/punters-punter33.lm",
        "age": 1,
        "id": 127,
        "name": "female8",
        "camera": false
    },
    {
        "res": "game/Conventional/Assets/Models/characters/punters/punters-punter34.lm",
        "age": 1,
        "id": 128,
        "name": "male8",
        "camera": false
    },
    {
        "res": "game/Conventional/Assets/Models/characters/punters/punters-punter37.lm",
        "age": 1,
        "id": 129,
        "name": "female9",
        "camera": false
    },
    {
        "res": "game/Conventional/Assets/Models/characters/punters/punters-punter38.lm",
        "age": 1,
        "id": 130,
        "name": "male9",
        "camera": false
    }
]