[
    {
        "name": "spawnChance",
        "opt": 1,
        "default": 0
    },
    {
        "name": "rideLength",
        "opt": 1,
        "default": 0
    },
    {
        "name": "rareSkinChance",
        "opt": 1,
        "default": 0
    },
    {
        "name": "smashStrength",
        "opt": 1,
        "default": 0
    },
    {
        "name": "special",
        "opt": 1,
        "default": 0
    },
    {
        "name": "specialCoins",
        "opt": 1,
        "default": 0
    },
    {
        "name": "lassooExtraSizeModifier",
        "opt": 1,
        "default": 0
    },
    {
        "name": "jumpHigherAndFasterModifier",
        "opt": 1,
        "default": 0
    },
    {
        "name": "landingOnDoesntHarmLassoo",
        "opt": 2,
        "default": 0
    },
    {
        "name": "buckLengthMultiplier",
        "opt": 2,
        "default": 1
    },
    {
        "name": "landingBoostLengthModifier",
        "opt": 1,
        "default": 0
    },
    {
        "name": "spawnGeographyChange",
        "opt": 1,
        "default": 0
    },
    {
        "name": "allowCannibalism",
        "opt": 2,
        "default": 0
    },
    {
        "name": "canEatEverything",
        "opt": 2,
        "default": 0
    },
    {
        "name": "crateValueMultiplier",
        "opt": 2,
        "default": 1
    },
    {
        "name": "ticketValueMultiplier",
        "opt": 2,
        "default": 1
    },
    {
        "name": "moveToLassoo",
        "opt": 1,
        "default": 0
    },
    {
        "name": "shockwaveOnBuck",
        "opt": 2,
        "default": 0
    },
    {
        "name": "zoomSpeedMultiplier",
        "opt": 2,
        "default": 1
    },
    {
        "name": "waterSpeedMultiplier",
        "opt": 2,
        "default": 1
    },
    {
        "name": "stopperEnergyDeclineRateMultiplier",
        "opt": 2,
        "default": 1
    },
    {
        "name": "stopperChargeEnergyThresholdModifier",
        "opt": 2,
        "default": 0
    },
    {
        "name": "runSpeedModifier",
        "opt": 1,
        "default": 0
    },
    {
        "name": "vaulterMidJumpLassoModifier",
        "opt": 1,
        "default": 0
    },
    {
        "name": "vaulterLargerSmashArea",
        "opt": 2,
        "default": 0
    },
    {
        "name": "additionalRareSkins",
        "opt": 1,
        "default": 0
    },
    {
        "name": "vaultFallMultiplier",
        "opt": 2,
        "default": 1
    },
    {
        "name": "reduceAIAttackRadius",
        "opt": 1,
        "default": 0
    },
    {
        "name": "resistFireWhenAngry",
        "opt": 2,
        "default": 0
    },
    {
        "name": "slowerBurnTime",
        "opt": 1,
        "default": 0
    },
    {
        "name": "waterIncreaseRideLength",
        "opt": 1,
        "default": 0
    },
    {
        "name": "iceHandlingScaleModifier",
        "opt": 1,
        "default": 0
    },
    {
        "name": "iceImmune",
        "opt": 2,
        "default": 0
    },
    {
        "name": "iceSmashStrengthBonus",
        "opt": 2,
        "default": 0
    },
    {
        "name": "lassoSize",
        "opt": 2,
        "default": 1.2
    },
    {
        "name": "lassoStrength",
        "opt": 2,
        "default": 5
    },
    {
        "name": "animalAffinityRunLengthModifier",
        "opt": 2,
        "default": 1
    },
    {
        "name": "bounceCount",
        "opt": 2,
        "default": 0
    },
    {
        "name": "jumpHeight",
        "opt": 2,
        "default": 10
    },
    {
        "name": "animalImmunityLength",
        "opt": 2,
        "default": 0.5
    },
    {
        "name": "babyLassoStartSizeMultiplier",
        "opt": 1,
        "default": 1
    },
    {
        "name": "babyLassoStrengthMultiplier",
        "opt": 1,
        "default": 1
    },
    {
        "name": "babyRideLengthMultiplier",
        "opt": 1,
        "default": 1
    },
    {
        "name": "babyRideSpeedMultiplier",
        "opt": 1,
        "default": 1
    },
    {
        "name": "babyRideSlowdownMultiplier",
        "opt": 3,
        "default": 1
    },
    {
        "name": "babyJumpSpeedMultiplier",
        "opt": 1,
        "default": 1
    },
    {
        "name": "babyJumpHeightMultiplier",
        "opt": 1,
        "default": 1
    },
    {
        "name": "babyCrateValueMultiplier",
        "opt": 1,
        "default": 1
    },
    {
        "name": "babyMissionValueMultiplier",
        "opt": 1,
        "default": 1
    },
    {
        "name": "babyRareSkinChanceMultiplier",
        "opt": 1,
        "default": 1
    },
    {
        "name": "babyBreedChanceMultiplier",
        "opt": 1,
        "default": 1
    },
    {
        "name": "babyCaptureLengthMultiplier",
        "opt": 3,
        "default": 1
    },
    {
        "name": "babyBreedCaptureLengthMultiplier",
        "opt": 3,
        "default": 1
    },
    {
        "name": "babyPredatorEfficiencyMultiplier",
        "opt": 1,
        "default": 1
    },
    {
        "name": "babySwoopPeriodMultiplier",
        "opt": 3,
        "default": 1
    },
    {
        "name": "babyWaterSpeedMultiplier",
        "opt": 3,
        "default": 1
    },
    {
        "name": "babyBurnTimeMultiplier",
        "opt": 1,
        "default": 1
    },
    {
        "name": "babyIceHandlingScaleMultiplier",
        "opt": 1,
        "default": 1
    },
    {
        "name": "babyBuckSizeMultiplier",
        "opt": 3,
        "default": 1
    },
    {
        "name": "babyGlobalLassoStartSizeMultiplier",
        "opt": 1,
        "default": 1
    },
    {
        "name": "babyGlobalLassoStrengthMultiplier",
        "opt": 1,
        "default": 1
    },
    {
        "name": "babyGlobalRideLengthMultiplier",
        "opt": 1,
        "default": 1
    },
    {
        "name": "babyGlobalCrateValueMultiplier",
        "opt": 1,
        "default": 1
    },
    {
        "name": "babyGlobalMissionValueMultiplier",
        "opt": 1,
        "default": 1
    },
    {
        "name": "babyGlobalRareSkinChanceMultiplier",
        "opt": 1,
        "default": 1
    },
    {
        "name": "babyGlobalBreedChanceMultiplier",
        "opt": 1,
        "default": 1
    },
    {
        "name": "babyGlobalCaptureLengthMultiplier",
        "opt": 3,
        "default": 1
    },
    {
        "name": "babyGlobalBreedCaptureLengthMultiplier",
        "opt": 3,
        "default": 1
    },
    {
        "name": "babyGlobalBurnTimeMultiplier",
        "opt": 1,
        "default": 1
    },
    {
        "name": "babyGlobalIceHandlingScaleMultiplier",
        "opt": 1,
        "default": 1
    },
    {
        "name": "babyGlobalSlowerEnergyDrain",
        "opt": 1,
        "default": 0
    },
    {
        "name": "slowerEnergyDrain",
        "opt": 1,
        "default": 0
    },
    {
        "name": "babyGlobalSlowerEnergyDrainOlympus",
        "opt": 1,
        "default": 0
    },
    {
        "name": "babyGlobalSlowerEnergyDrainInsect",
        "opt": 1,
        "default": 0
    },
    {
        "name": "webSlowdownScaleModifier",
        "opt": 2,
        "default": 1
    },
    {
        "name": "babyGlobalSlowerEnergyDrainGreatWall",
        "opt": 1,
        "default": 0
    }
]