﻿{"frames": {

"0bg_00000":
{
	"frame": {"x":2,"y":2,"w":1400,"h":480},
	"rotated": false,
	"trimmed": false,
	"spriteSourceSize": {"x":0,"y":0,"w":1400,"h":480},
	"sourceSize": {"w":1400,"h":480}
},
"0bg_10000":
{
	"frame": {"x":2,"y":484,"w":1400,"h":102},
	"rotated": false,
	"trimmed": false,
	"spriteSourceSize": {"x":0,"y":0,"w":1400,"h":102},
	"sourceSize": {"w":1400,"h":102}
},
"ApplyFx0000":
{
	"frame": {"x":1747,"y":577,"w":151,"h":153},
	"rotated": false,
	"trimmed": true,
	"spriteSourceSize": {"x":17,"y":3,"w":171,"h":165},
	"sourceSize": {"w":171,"h":165}
},
"ApplyFx0001":
{
	"frame": {"x":1747,"y":577,"w":151,"h":153},
	"rotated": false,
	"trimmed": true,
	"spriteSourceSize": {"x":17,"y":3,"w":171,"h":165},
	"sourceSize": {"w":171,"h":165}
},
"ApplyFx0002":
{
	"frame": {"x":1905,"y":422,"w":139,"h":140},
	"rotated": false,
	"trimmed": true,
	"spriteSourceSize": {"x":23,"y":10,"w":171,"h":165},
	"sourceSize": {"w":171,"h":165}
},
"ApplyFx0003":
{
	"frame": {"x":1953,"y":211,"w":83,"h":81},
	"rotated": false,
	"trimmed": true,
	"spriteSourceSize": {"x":45,"y":37,"w":171,"h":165},
	"sourceSize": {"w":171,"h":165}
},
"ApplyFx0004":
{
	"frame": {"x":1918,"y":104,"w":105,"h":105},
	"rotated": false,
	"trimmed": true,
	"spriteSourceSize": {"x":36,"y":26,"w":171,"h":165},
	"sourceSize": {"w":171,"h":165}
},
"ApplyFx0005":
{
	"frame": {"x":2,"y":588,"w":147,"h":147},
	"rotated": false,
	"trimmed": true,
	"spriteSourceSize": {"x":15,"y":5,"w":171,"h":165},
	"sourceSize": {"w":171,"h":165}
},
"ApplyFx0006":
{
	"frame": {"x":151,"y":588,"w":147,"h":147},
	"rotated": false,
	"trimmed": true,
	"spriteSourceSize": {"x":15,"y":5,"w":171,"h":165},
	"sourceSize": {"w":171,"h":165}
},
"ApplyFx0007":
{
	"frame": {"x":151,"y":588,"w":147,"h":147},
	"rotated": false,
	"trimmed": true,
	"spriteSourceSize": {"x":15,"y":5,"w":171,"h":165},
	"sourceSize": {"w":171,"h":165}
},
"ApplyFx0008":
{
	"frame": {"x":1587,"y":422,"w":158,"h":156},
	"rotated": false,
	"trimmed": true,
	"spriteSourceSize": {"x":11,"y":0,"w":171,"h":165},
	"sourceSize": {"w":171,"h":165}
},
"ApplyFx0009":
{
	"frame": {"x":1404,"y":446,"w":153,"h":153},
	"rotated": false,
	"trimmed": true,
	"spriteSourceSize": {"x":11,"y":3,"w":171,"h":165},
	"sourceSize": {"w":171,"h":165}
},
"ApplyFx0010":
{
	"frame": {"x":1747,"y":422,"w":156,"h":153},
	"rotated": false,
	"trimmed": true,
	"spriteSourceSize": {"x":10,"y":3,"w":171,"h":165},
	"sourceSize": {"w":171,"h":165}
},
"ApplyFx0011":
{
	"frame": {"x":1404,"y":2,"w":165,"h":160},
	"rotated": false,
	"trimmed": true,
	"spriteSourceSize": {"x":6,"y":0,"w":171,"h":165},
	"sourceSize": {"w":171,"h":165}
},
"ApplyFx0012":
{
	"frame": {"x":1571,"y":2,"w":162,"h":162},
	"rotated": false,
	"trimmed": true,
	"spriteSourceSize": {"x":0,"y":3,"w":171,"h":165},
	"sourceSize": {"w":171,"h":165}
},
"ApplyFx0013":
{
	"frame": {"x":1571,"y":2,"w":162,"h":162},
	"rotated": false,
	"trimmed": true,
	"spriteSourceSize": {"x":0,"y":3,"w":171,"h":165},
	"sourceSize": {"w":171,"h":165}
},
"ApplyFx0014":
{
	"frame": {"x":1685,"y":257,"w":25,"h":19},
	"rotated": false,
	"trimmed": true,
	"spriteSourceSize": {"x":78,"y":71,"w":171,"h":165},
	"sourceSize": {"w":171,"h":165}
},
"ApplyFx0015":
{
	"frame": {"x":1685,"y":257,"w":25,"h":19},
	"rotated": false,
	"trimmed": true,
	"spriteSourceSize": {"x":78,"y":71,"w":171,"h":165},
	"sourceSize": {"w":171,"h":165}
},
"BallGraphic0000":
{
	"frame": {"x":2025,"y":104,"w":15,"h":15},
	"rotated": false,
	"trimmed": false,
	"spriteSourceSize": {"x":0,"y":0,"w":15,"h":15},
	"sourceSize": {"w":15,"h":15}
},
"BallSplashMC0000":
{
	"frame": {"x":2013,"y":564,"w":27,"h":27},
	"rotated": false,
	"trimmed": true,
	"spriteSourceSize": {"x":53,"y":36,"w":120,"h":105},
	"sourceSize": {"w":120,"h":105}
},
"BallSplashMC0001":
{
	"frame": {"x":1409,"y":601,"w":81,"h":72},
	"rotated": false,
	"trimmed": true,
	"spriteSourceSize": {"x":22,"y":15,"w":120,"h":105},
	"sourceSize": {"w":120,"h":105}
},
"BallSplashMC0002":
{
	"frame": {"x":1905,"y":564,"w":106,"h":103},
	"rotated": false,
	"trimmed": true,
	"spriteSourceSize": {"x":14,"y":0,"w":120,"h":105},
	"sourceSize": {"w":120,"h":105}
},
"BallSplashMC0003":
{
	"frame": {"x":1918,"y":2,"w":115,"h":100},
	"rotated": false,
	"trimmed": true,
	"spriteSourceSize": {"x":0,"y":5,"w":120,"h":105},
	"sourceSize": {"w":120,"h":105}
},
"InGameMusicButton0000":
{
	"frame": {"x":1468,"y":724,"w":40,"h":40},
	"rotated": false,
	"trimmed": false,
	"spriteSourceSize": {"x":0,"y":0,"w":40,"h":40},
	"sourceSize": {"w":40,"h":40}
},
"InGameMusicButton0001":
{
	"frame": {"x":300,"y":727,"w":40,"h":40},
	"rotated": false,
	"trimmed": false,
	"spriteSourceSize": {"x":0,"y":0,"w":40,"h":40},
	"sourceSize": {"w":40,"h":40}
},
"InGameMusicButton0002":
{
	"frame": {"x":342,"y":727,"w":40,"h":40},
	"rotated": false,
	"trimmed": false,
	"spriteSourceSize": {"x":0,"y":0,"w":40,"h":40},
	"sourceSize": {"w":40,"h":40}
},
"InGamePauseButton0000":
{
	"frame": {"x":878,"y":727,"w":40,"h":40},
	"rotated": false,
	"trimmed": false,
	"spriteSourceSize": {"x":0,"y":0,"w":40,"h":40},
	"sourceSize": {"w":40,"h":40}
},
"MsgMC0000":
{
	"frame": {"x":1587,"y":166,"w":142,"h":89},
	"rotated": false,
	"trimmed": true,
	"spriteSourceSize": {"x":17,"y":34,"w":183,"h":123},
	"sourceSize": {"w":183,"h":123}
},
"MsgMC0001":
{
	"frame": {"x":300,"y":588,"w":182,"h":89},
	"rotated": false,
	"trimmed": true,
	"spriteSourceSize": {"x":1,"y":34,"w":183,"h":123},
	"sourceSize": {"w":183,"h":123}
},
"MsgMC0002":
{
	"frame": {"x":1559,"y":580,"w":183,"h":123},
	"rotated": false,
	"trimmed": true,
	"spriteSourceSize": {"x":0,"y":0,"w":183,"h":123},
	"sourceSize": {"w":183,"h":123}
},
"PowerUpMC0000":
{
	"frame": {"x":1682,"y":705,"w":42,"h":40},
	"rotated": false,
	"trimmed": false,
	"spriteSourceSize": {"x":0,"y":0,"w":42,"h":40},
	"sourceSize": {"w":42,"h":40}
},
"PowerUpMC0001":
{
	"frame": {"x":982,"y":711,"w":42,"h":40},
	"rotated": false,
	"trimmed": false,
	"spriteSourceSize": {"x":0,"y":0,"w":42,"h":40},
	"sourceSize": {"w":42,"h":40}
},
"PowerUpMC0002":
{
	"frame": {"x":1131,"y":713,"w":42,"h":40},
	"rotated": false,
	"trimmed": false,
	"spriteSourceSize": {"x":0,"y":0,"w":42,"h":40},
	"sourceSize": {"w":42,"h":40}
},
"PowerUpMC0003":
{
	"frame": {"x":1175,"y":713,"w":42,"h":40},
	"rotated": false,
	"trimmed": false,
	"spriteSourceSize": {"x":0,"y":0,"w":42,"h":40},
	"sourceSize": {"w":42,"h":40}
},
"PowerUpMC0004":
{
	"frame": {"x":1380,"y":724,"w":42,"h":40},
	"rotated": false,
	"trimmed": false,
	"spriteSourceSize": {"x":0,"y":0,"w":42,"h":40},
	"sourceSize": {"w":42,"h":40}
},
"PowerUpMC0005":
{
	"frame": {"x":1424,"y":724,"w":42,"h":40},
	"rotated": false,
	"trimmed": false,
	"spriteSourceSize": {"x":0,"y":0,"w":42,"h":40},
	"sourceSize": {"w":42,"h":40}
},
"RacketFx0000":
{
	"frame": {"x":1735,"y":2,"w":181,"h":138},
	"rotated": false,
	"trimmed": false,
	"spriteSourceSize": {"x":0,"y":0,"w":181,"h":138},
	"sourceSize": {"w":181,"h":138}
},
"RacketFx0001":
{
	"frame": {"x":1735,"y":142,"w":181,"h":138},
	"rotated": false,
	"trimmed": false,
	"spriteSourceSize": {"x":0,"y":0,"w":181,"h":138},
	"sourceSize": {"w":181,"h":138}
},
"RacketFx0002":
{
	"frame": {"x":1404,"y":166,"w":181,"h":138},
	"rotated": false,
	"trimmed": false,
	"spriteSourceSize": {"x":0,"y":0,"w":181,"h":138},
	"sourceSize": {"w":181,"h":138}
},
"RacketFx0003":
{
	"frame": {"x":1587,"y":282,"w":181,"h":138},
	"rotated": false,
	"trimmed": false,
	"spriteSourceSize": {"x":0,"y":0,"w":181,"h":138},
	"sourceSize": {"w":181,"h":138}
},
"RacketFx0004":
{
	"frame": {"x":1770,"y":282,"w":181,"h":138},
	"rotated": false,
	"trimmed": false,
	"spriteSourceSize": {"x":0,"y":0,"w":181,"h":138},
	"sourceSize": {"w":181,"h":138}
},
"RacketFx0005":
{
	"frame": {"x":1404,"y":306,"w":181,"h":138},
	"rotated": false,
	"trimmed": false,
	"spriteSourceSize": {"x":0,"y":0,"w":181,"h":138},
	"sourceSize": {"w":181,"h":138}
},
"RacketFx0006":
{
	"frame": {"x":2,"y":2,"w":0,"h":0},
	"rotated": false,
	"trimmed": true,
	"spriteSourceSize": {"x":71,"y":76,"w":181,"h":138},
	"sourceSize": {"w":181,"h":138}
},
"ShadowBallMC0000":
{
	"frame": {"x":2025,"y":138,"w":17,"h":9},
	"rotated": false,
	"trimmed": false,
	"spriteSourceSize": {"x":0,"y":0,"w":17,"h":9},
	"sourceSize": {"w":17,"h":9}
},
"ShadowMC0000":
{
	"frame": {"x":1626,"y":257,"w":57,"h":9},
	"rotated": false,
	"trimmed": false,
	"spriteSourceSize": {"x":0,"y":0,"w":57,"h":9},
	"sourceSize": {"w":57,"h":9}
},
"WindFx0000":
{
	"frame": {"x":1066,"y":588,"w":78,"h":82},
	"rotated": false,
	"trimmed": true,
	"spriteSourceSize": {"x":0,"y":0,"w":78,"h":82},
	"sourceSize": {"w":78,"h":82}
},
"WindFx0001":
{
	"frame": {"x":1251,"y":588,"w":77,"h":80},
	"rotated": false,
	"trimmed": true,
	"spriteSourceSize": {"x":0,"y":0,"w":78,"h":82},
	"sourceSize": {"w":78,"h":82}
},
"WindFx0002":
{
	"frame": {"x":1330,"y":601,"w":77,"h":80},
	"rotated": false,
	"trimmed": true,
	"spriteSourceSize": {"x":0,"y":0,"w":78,"h":82},
	"sourceSize": {"w":78,"h":82}
},
"WindFx0003":
{
	"frame": {"x":909,"y":645,"w":71,"h":80},
	"rotated": false,
	"trimmed": true,
	"spriteSourceSize": {"x":6,"y":1,"w":78,"h":82},
	"sourceSize": {"w":78,"h":82}
},
"arrow_icon0000":
{
	"frame": {"x":1318,"y":683,"w":60,"h":60},
	"rotated": false,
	"trimmed": false,
	"spriteSourceSize": {"x":0,"y":0,"w":60,"h":60},
	"sourceSize": {"w":60,"h":60}
},
"arrow_icon_help0000":
{
	"frame": {"x":2035,"y":2,"w":7,"h":15},
	"rotated": false,
	"trimmed": false,
	"spriteSourceSize": {"x":0,"y":0,"w":7,"h":15},
	"sourceSize": {"w":7,"h":15}
},
"ball_fire0000":
{
	"frame": {"x":1918,"y":244,"w":33,"h":23},
	"rotated": false,
	"trimmed": true,
	"spriteSourceSize": {"x":13,"y":1,"w":46,"h":25},
	"sourceSize": {"w":46,"h":25}
},
"ball_fire0001":
{
	"frame": {"x":1514,"y":666,"w":39,"h":24},
	"rotated": false,
	"trimmed": true,
	"spriteSourceSize": {"x":7,"y":0,"w":46,"h":25},
	"sourceSize": {"w":46,"h":25}
},
"ball_fire0002":
{
	"frame": {"x":1587,"y":257,"w":37,"h":21},
	"rotated": false,
	"trimmed": true,
	"spriteSourceSize": {"x":7,"y":2,"w":46,"h":25},
	"sourceSize": {"w":46,"h":25}
},
"ball_fire0003":
{
	"frame": {"x":920,"y":727,"w":45,"h":25},
	"rotated": false,
	"trimmed": true,
	"spriteSourceSize": {"x":0,"y":0,"w":46,"h":25},
	"sourceSize": {"w":46,"h":25}
},
"bg0000":
{
	"frame": {"x":2025,"y":149,"w":10,"h":10},
	"rotated": false,
	"trimmed": false,
	"spriteSourceSize": {"x":0,"y":0,"w":10,"h":10},
	"sourceSize": {"w":10,"h":10}
},
"btn_help0000":
{
	"frame": {"x":1918,"y":211,"w":31,"h":31},
	"rotated": false,
	"trimmed": false,
	"spriteSourceSize": {"x":0,"y":0,"w":31,"h":31},
	"sourceSize": {"w":31,"h":31}
},
"btn_wt_bg0000":
{
	"frame": {"x":1953,"y":294,"w":80,"h":80},
	"rotated": false,
	"trimmed": false,
	"spriteSourceSize": {"x":0,"y":0,"w":80,"h":80},
	"sourceSize": {"w":80,"h":80}
},
"hit_icon0000":
{
	"frame": {"x":1492,"y":601,"w":62,"h":63},
	"rotated": false,
	"trimmed": false,
	"spriteSourceSize": {"x":0,"y":0,"w":62,"h":63},
	"sourceSize": {"w":62,"h":63}
},
"ice_010000":
{
	"frame": {"x":637,"y":588,"w":112,"h":95},
	"rotated": false,
	"trimmed": false,
	"spriteSourceSize": {"x":0,"y":0,"w":112,"h":95},
	"sourceSize": {"w":112,"h":95}
},
"infoPanel0000":
{
	"frame": {"x":751,"y":588,"w":156,"h":57},
	"rotated": false,
	"trimmed": false,
	"spriteSourceSize": {"x":0,"y":0,"w":156,"h":57},
	"sourceSize": {"w":156,"h":57}
},
"infoPanel0001":
{
	"frame": {"x":909,"y":588,"w":155,"h":55},
	"rotated": false,
	"trimmed": true,
	"spriteSourceSize": {"x":0,"y":0,"w":156,"h":57},
	"sourceSize": {"w":156,"h":57}
},
"infoPanel0002":
{
	"frame": {"x":909,"y":588,"w":155,"h":55},
	"rotated": false,
	"trimmed": true,
	"spriteSourceSize": {"x":0,"y":0,"w":156,"h":57},
	"sourceSize": {"w":156,"h":57}
},
"particleStar0000":
{
	"frame": {"x":2025,"y":121,"w":15,"h":15},
	"rotated": false,
	"trimmed": false,
	"spriteSourceSize": {"x":0,"y":0,"w":15,"h":15},
	"sourceSize": {"w":15,"h":15}
},
"smash_icon0000":
{
	"frame": {"x":1066,"y":672,"w":63,"h":60},
	"rotated": false,
	"trimmed": false,
	"spriteSourceSize": {"x":0,"y":0,"w":63,"h":60},
	"sourceSize": {"w":63,"h":60}
},
"tablo_bg20000":
{
	"frame": {"x":484,"y":588,"w":151,"h":96},
	"rotated": false,
	"trimmed": false,
	"spriteSourceSize": {"x":0,"y":0,"w":151,"h":96},
	"sourceSize": {"w":151,"h":96}
},
"wind_cont0000":
{
	"frame": {"x":1627,"y":705,"w":53,"h":32},
	"rotated": false,
	"trimmed": true,
	"spriteSourceSize": {"x":32,"y":97,"w":139,"h":129},
	"sourceSize": {"w":139,"h":129}
},
"wind_cont0001":
{
	"frame": {"x":803,"y":694,"w":73,"h":38},
	"rotated": false,
	"trimmed": true,
	"spriteSourceSize": {"x":26,"y":91,"w":139,"h":129},
	"sourceSize": {"w":139,"h":129}
},
"wind_cont0002":
{
	"frame": {"x":1953,"y":376,"w":75,"h":39},
	"rotated": false,
	"trimmed": true,
	"spriteSourceSize": {"x":32,"y":88,"w":139,"h":129},
	"sourceSize": {"w":139,"h":129}
},
"wind_cont0003":
{
	"frame": {"x":478,"y":686,"w":79,"h":45},
	"rotated": false,
	"trimmed": true,
	"spriteSourceSize": {"x":38,"y":81,"w":139,"h":129},
	"sourceSize": {"w":139,"h":129}
},
"wind_cont0004":
{
	"frame": {"x":559,"y":686,"w":64,"h":55},
	"rotated": false,
	"trimmed": true,
	"spriteSourceSize": {"x":58,"y":66,"w":139,"h":129},
	"sourceSize": {"w":139,"h":129}
},
"wind_cont0005":
{
	"frame": {"x":1973,"y":669,"w":62,"h":61},
	"rotated": false,
	"trimmed": true,
	"spriteSourceSize": {"x":59,"y":60,"w":139,"h":129},
	"sourceSize": {"w":139,"h":129}
},
"wind_cont0006":
{
	"frame": {"x":1232,"y":670,"w":84,"h":58},
	"rotated": false,
	"trimmed": true,
	"spriteSourceSize": {"x":35,"y":57,"w":139,"h":129},
	"sourceSize": {"w":139,"h":129}
},
"wind_cont0007":
{
	"frame": {"x":300,"y":679,"w":97,"h":46},
	"rotated": false,
	"trimmed": true,
	"spriteSourceSize": {"x":20,"y":60,"w":139,"h":129},
	"sourceSize": {"w":139,"h":129}
},
"wind_cont0008":
{
	"frame": {"x":1409,"y":675,"w":103,"h":47},
	"rotated": false,
	"trimmed": true,
	"spriteSourceSize": {"x":22,"y":59,"w":139,"h":129},
	"sourceSize": {"w":139,"h":129}
},
"wind_cont0009":
{
	"frame": {"x":982,"y":645,"w":82,"h":64},
	"rotated": false,
	"trimmed": true,
	"spriteSourceSize": {"x":57,"y":39,"w":139,"h":129},
	"sourceSize": {"w":139,"h":129}
},
"wind_cont0010":
{
	"frame": {"x":1900,"y":669,"w":71,"h":69},
	"rotated": false,
	"trimmed": true,
	"spriteSourceSize": {"x":67,"y":30,"w":139,"h":129},
	"sourceSize": {"w":139,"h":129}
},
"wind_cont0011":
{
	"frame": {"x":1146,"y":588,"w":103,"h":61},
	"rotated": false,
	"trimmed": true,
	"spriteSourceSize": {"x":30,"y":27,"w":139,"h":129},
	"sourceSize": {"w":139,"h":129}
},
"wind_cont0012":
{
	"frame": {"x":751,"y":647,"w":124,"h":45},
	"rotated": false,
	"trimmed": true,
	"spriteSourceSize": {"x":0,"y":29,"w":139,"h":129},
	"sourceSize": {"w":139,"h":129}
},
"wind_cont0013":
{
	"frame": {"x":399,"y":679,"w":77,"h":48},
	"rotated": false,
	"trimmed": true,
	"spriteSourceSize": {"x":2,"y":31,"w":139,"h":129},
	"sourceSize": {"w":139,"h":129}
},
"wind_cont0014":
{
	"frame": {"x":637,"y":685,"w":95,"h":44},
	"rotated": false,
	"trimmed": true,
	"spriteSourceSize": {"x":16,"y":33,"w":139,"h":129},
	"sourceSize": {"w":139,"h":129}
},
"wind_cont0015":
{
	"frame": {"x":1146,"y":651,"w":84,"h":60},
	"rotated": false,
	"trimmed": true,
	"spriteSourceSize": {"x":46,"y":11,"w":139,"h":129},
	"sourceSize": {"w":139,"h":129}
},
"wind_cont0016":
{
	"frame": {"x":1514,"y":705,"w":55,"h":50},
	"rotated": false,
	"trimmed": true,
	"spriteSourceSize": {"x":76,"y":4,"w":139,"h":129},
	"sourceSize": {"w":139,"h":129}
},
"wind_cont0017":
{
	"frame": {"x":734,"y":694,"w":67,"h":42},
	"rotated": false,
	"trimmed": true,
	"spriteSourceSize": {"x":62,"y":1,"w":139,"h":129},
	"sourceSize": {"w":139,"h":129}
},
"wind_cont0018":
{
	"frame": {"x":1571,"y":705,"w":54,"h":33},
	"rotated": false,
	"trimmed": true,
	"spriteSourceSize": {"x":33,"y":0,"w":139,"h":129},
	"sourceSize": {"w":139,"h":129}
}},
"meta": {
	"app": "Adobe Animate",
	"version": "19.2.1.408",
	"image": "gameplay.png",
	"format": "RGBA8888",
	"size": {"w":2048,"h":1024},
	"scale": "1"
}
}
