﻿{"frames": {

"0bg120000":
{
	"frame": {"x":2,"y":2,"w":294,"h":317},
	"rotated": false,
	"trimmed": false,
	"spriteSourceSize": {"x":0,"y":0,"w":294,"h":317},
	"sourceSize": {"w":294,"h":317}
},
"0bg12_20000":
{
	"frame": {"x":2,"y":500,"w":296,"h":52},
	"rotated": false,
	"trimmed": false,
	"spriteSourceSize": {"x":0,"y":0,"w":296,"h":52},
	"sourceSize": {"w":296,"h":52}
},
"0plate_difficulty0000":
{
	"frame": {"x":298,"y":120,"w":154,"h":72},
	"rotated": false,
	"trimmed": false,
	"spriteSourceSize": {"x":0,"y":0,"w":154,"h":72},
	"sourceSize": {"w":154,"h":72}
},
"Emblems0000":
{
	"frame": {"x":180,"y":616,"w":90,"h":60},
	"rotated": false,
	"trimmed": false,
	"spriteSourceSize": {"x":0,"y":0,"w":90,"h":60},
	"sourceSize": {"w":90,"h":60}
},
"Emblems0001":
{
	"frame": {"x":272,"y":616,"w":90,"h":60},
	"rotated": false,
	"trimmed": false,
	"spriteSourceSize": {"x":0,"y":0,"w":90,"h":60},
	"sourceSize": {"w":90,"h":60}
},
"Emblems0002":
{
	"frame": {"x":364,"y":616,"w":90,"h":60},
	"rotated": false,
	"trimmed": false,
	"spriteSourceSize": {"x":0,"y":0,"w":90,"h":60},
	"sourceSize": {"w":90,"h":60}
},
"Emblems0003":
{
	"frame": {"x":180,"y":678,"w":90,"h":60},
	"rotated": false,
	"trimmed": false,
	"spriteSourceSize": {"x":0,"y":0,"w":90,"h":60},
	"sourceSize": {"w":90,"h":60}
},
"Emblems0004":
{
	"frame": {"x":272,"y":678,"w":90,"h":60},
	"rotated": false,
	"trimmed": false,
	"spriteSourceSize": {"x":0,"y":0,"w":90,"h":60},
	"sourceSize": {"w":90,"h":60}
},
"Emblems0005":
{
	"frame": {"x":364,"y":678,"w":90,"h":60},
	"rotated": false,
	"trimmed": false,
	"spriteSourceSize": {"x":0,"y":0,"w":90,"h":60},
	"sourceSize": {"w":90,"h":60}
},
"Emblems0006":
{
	"frame": {"x":2,"y":708,"w":90,"h":60},
	"rotated": false,
	"trimmed": false,
	"spriteSourceSize": {"x":0,"y":0,"w":90,"h":60},
	"sourceSize": {"w":90,"h":60}
},
"Emblems0007":
{
	"frame": {"x":94,"y":740,"w":90,"h":60},
	"rotated": false,
	"trimmed": true,
	"spriteSourceSize": {"x":0,"y":0,"w":90,"h":60},
	"sourceSize": {"w":90,"h":60}
},
"Emblems0008":
{
	"frame": {"x":186,"y":740,"w":90,"h":60},
	"rotated": false,
	"trimmed": false,
	"spriteSourceSize": {"x":0,"y":0,"w":90,"h":60},
	"sourceSize": {"w":90,"h":60}
},
"Emblems0009":
{
	"frame": {"x":278,"y":740,"w":90,"h":60},
	"rotated": false,
	"trimmed": false,
	"spriteSourceSize": {"x":0,"y":0,"w":90,"h":60},
	"sourceSize": {"w":90,"h":60}
},
"Emblems0010":
{
	"frame": {"x":370,"y":740,"w":90,"h":60},
	"rotated": false,
	"trimmed": false,
	"spriteSourceSize": {"x":0,"y":0,"w":90,"h":60},
	"sourceSize": {"w":90,"h":60}
},
"Emblems0011":
{
	"frame": {"x":364,"y":616,"w":90,"h":60},
	"rotated": false,
	"trimmed": false,
	"spriteSourceSize": {"x":0,"y":0,"w":90,"h":60},
	"sourceSize": {"w":90,"h":60}
},
"Emblems0012":
{
	"frame": {"x":2,"y":770,"w":90,"h":60},
	"rotated": false,
	"trimmed": false,
	"spriteSourceSize": {"x":0,"y":0,"w":90,"h":60},
	"sourceSize": {"w":90,"h":60}
},
"Emblems0013":
{
	"frame": {"x":94,"y":802,"w":90,"h":60},
	"rotated": false,
	"trimmed": false,
	"spriteSourceSize": {"x":0,"y":0,"w":90,"h":60},
	"sourceSize": {"w":90,"h":60}
},
"Emblems0014":
{
	"frame": {"x":370,"y":740,"w":90,"h":60},
	"rotated": false,
	"trimmed": false,
	"spriteSourceSize": {"x":0,"y":0,"w":90,"h":60},
	"sourceSize": {"w":90,"h":60}
},
"Emblems0015":
{
	"frame": {"x":186,"y":802,"w":90,"h":60},
	"rotated": false,
	"trimmed": false,
	"spriteSourceSize": {"x":0,"y":0,"w":90,"h":60},
	"sourceSize": {"w":90,"h":60}
},
"Emblems0016":
{
	"frame": {"x":278,"y":802,"w":90,"h":60},
	"rotated": false,
	"trimmed": false,
	"spriteSourceSize": {"x":0,"y":0,"w":90,"h":60},
	"sourceSize": {"w":90,"h":60}
},
"Emblems0017":
{
	"frame": {"x":180,"y":616,"w":90,"h":60},
	"rotated": false,
	"trimmed": false,
	"spriteSourceSize": {"x":0,"y":0,"w":90,"h":60},
	"sourceSize": {"w":90,"h":60}
},
"Emblems0018":
{
	"frame": {"x":272,"y":616,"w":90,"h":60},
	"rotated": false,
	"trimmed": false,
	"spriteSourceSize": {"x":0,"y":0,"w":90,"h":60},
	"sourceSize": {"w":90,"h":60}
},
"Emblems0019":
{
	"frame": {"x":364,"y":616,"w":90,"h":60},
	"rotated": false,
	"trimmed": false,
	"spriteSourceSize": {"x":0,"y":0,"w":90,"h":60},
	"sourceSize": {"w":90,"h":60}
},
"InGameMusicButton0000":
{
	"frame": {"x":466,"y":550,"w":40,"h":40},
	"rotated": false,
	"trimmed": false,
	"spriteSourceSize": {"x":0,"y":0,"w":40,"h":40},
	"sourceSize": {"w":40,"h":40}
},
"InGameMusicButton0001":
{
	"frame": {"x":466,"y":592,"w":40,"h":40},
	"rotated": false,
	"trimmed": false,
	"spriteSourceSize": {"x":0,"y":0,"w":40,"h":40},
	"sourceSize": {"w":40,"h":40}
},
"InGameMusicButton0002":
{
	"frame": {"x":456,"y":634,"w":40,"h":40},
	"rotated": false,
	"trimmed": false,
	"spriteSourceSize": {"x":0,"y":0,"w":40,"h":40},
	"sourceSize": {"w":40,"h":40}
},
"InGamePauseButton0000":
{
	"frame": {"x":456,"y":676,"w":40,"h":40},
	"rotated": false,
	"trimmed": false,
	"spriteSourceSize": {"x":0,"y":0,"w":40,"h":40},
	"sourceSize": {"w":40,"h":40}
},
"TribuneFinal0000":
{
	"frame": {"x":2,"y":398,"w":295,"h":100},
	"rotated": false,
	"trimmed": false,
	"spriteSourceSize": {"x":0,"y":0,"w":295,"h":100},
	"sourceSize": {"w":295,"h":100}
},
"ach_icon0000":
{
	"frame": {"x":432,"y":243,"w":54,"h":55},
	"rotated": false,
	"trimmed": false,
	"spriteSourceSize": {"x":0,"y":0,"w":54,"h":55},
	"sourceSize": {"w":54,"h":55}
},
"bg0000":
{
	"frame": {"x":496,"y":2,"w":10,"h":10},
	"rotated": false,
	"trimmed": false,
	"spriteSourceSize": {"x":0,"y":0,"w":10,"h":10},
	"sourceSize": {"w":10,"h":10}
},
"black0000":
{
	"frame": {"x":462,"y":718,"w":40,"h":40},
	"rotated": false,
	"trimmed": false,
	"spriteSourceSize": {"x":0,"y":0,"w":40,"h":40},
	"sourceSize": {"w":40,"h":40}
},
"btn_bg0000":
{
	"frame": {"x":473,"y":440,"w":30,"h":30},
	"rotated": false,
	"trimmed": false,
	"spriteSourceSize": {"x":0,"y":0,"w":30,"h":30},
	"sourceSize": {"w":30,"h":30}
},
"btn_blue0000":
{
	"frame": {"x":234,"y":554,"w":230,"h":60},
	"rotated": false,
	"trimmed": false,
	"spriteSourceSize": {"x":0,"y":0,"w":230,"h":60},
	"sourceSize": {"w":230,"h":60}
},
"btn_blue_arrow0000":
{
	"frame": {"x":454,"y":120,"w":54,"h":58},
	"rotated": false,
	"trimmed": false,
	"spriteSourceSize": {"x":0,"y":0,"w":54,"h":58},
	"sourceSize": {"w":54,"h":58}
},
"btn_credits0000":
{
	"frame": {"x":473,"y":398,"w":30,"h":40},
	"rotated": false,
	"trimmed": false,
	"spriteSourceSize": {"x":0,"y":0,"w":30,"h":40},
	"sourceSize": {"w":30,"h":40}
},
"btn_green0000":
{
	"frame": {"x":298,"y":194,"w":128,"h":68},
	"rotated": false,
	"trimmed": false,
	"spriteSourceSize": {"x":0,"y":0,"w":128,"h":68},
	"sourceSize": {"w":128,"h":68}
},
"btn_orange0000":
{
	"frame": {"x":299,"y":398,"w":128,"h":64},
	"rotated": false,
	"trimmed": false,
	"spriteSourceSize": {"x":0,"y":0,"w":128,"h":64},
	"sourceSize": {"w":128,"h":64}
},
"btn_red0000":
{
	"frame": {"x":2,"y":554,"w":230,"h":60},
	"rotated": false,
	"trimmed": false,
	"spriteSourceSize": {"x":0,"y":0,"w":230,"h":60},
	"sourceSize": {"w":230,"h":60}
},
"close0000":
{
	"frame": {"x":429,"y":398,"w":42,"h":42},
	"rotated": false,
	"trimmed": false,
	"spriteSourceSize": {"x":0,"y":0,"w":42,"h":42},
	"sourceSize": {"w":42,"h":42}
},
"fb_icon0000":
{
	"frame": {"x":94,"y":616,"w":84,"h":84},
	"rotated": false,
	"trimmed": false,
	"spriteSourceSize": {"x":0,"y":0,"w":84,"h":84},
	"sourceSize": {"w":84,"h":84}
},
"lead_icon0000":
{
	"frame": {"x":428,"y":194,"w":66,"h":47},
	"rotated": false,
	"trimmed": false,
	"spriteSourceSize": {"x":0,"y":0,"w":66,"h":47},
	"sourceSize": {"w":66,"h":47}
},
"logo_game0000":
{
	"frame": {"x":2,"y":321,"w":502,"h":75},
	"rotated": false,
	"trimmed": false,
	"spriteSourceSize": {"x":0,"y":0,"w":502,"h":75},
	"sourceSize": {"w":502,"h":75}
},
"quad_btn_bg0000":
{
	"frame": {"x":2,"y":616,"w":90,"h":90},
	"rotated": false,
	"trimmed": false,
	"spriteSourceSize": {"x":0,"y":0,"w":90,"h":90},
	"sourceSize": {"w":90,"h":90}
},
"selectModeBg0000":
{
	"frame": {"x":298,"y":264,"w":132,"h":50},
	"rotated": false,
	"trimmed": false,
	"spriteSourceSize": {"x":0,"y":0,"w":132,"h":50},
	"sourceSize": {"w":132,"h":50}
},
"semi_circle_btn_bg0000":
{
	"frame": {"x":298,"y":2,"w":196,"h":116},
	"rotated": false,
	"trimmed": false,
	"spriteSourceSize": {"x":0,"y":0,"w":196,"h":116},
	"sourceSize": {"w":196,"h":116}
},
"tw_icon0000":
{
	"frame": {"x":300,"y":464,"w":84,"h":84},
	"rotated": false,
	"trimmed": false,
	"spriteSourceSize": {"x":0,"y":0,"w":84,"h":84},
	"sourceSize": {"w":84,"h":84}
},
"vk_icon0000":
{
	"frame": {"x":386,"y":464,"w":84,"h":84},
	"rotated": false,
	"trimmed": false,
	"spriteSourceSize": {"x":0,"y":0,"w":84,"h":84},
	"sourceSize": {"w":84,"h":84}
}},
"meta": {
	"app": "Adobe Animate",
	"version": "19.2.1.408",
	"image": "interface.png",
	"format": "RGBA8888",
	"size": {"w":512,"h":1024},
	"scale": "1"
}
}
