{"name":"Pers_2020","SubTexture":[{"name":"l0","x":612,"height":26,"width":53,"y":820},{"name":"l1","x":612,"height":26,"width":53,"y":876},{"name":"l2","x":557,"height":26,"width":53,"y":876},{"name":"l3","x":1813,"height":26,"width":53,"y":886},{"name":"l4","x":1989,"height":26,"width":53,"y":892},{"name":"l5","x":1250,"height":26,"width":53,"y":886},{"name":"l6","x":557,"height":26,"width":53,"y":848},{"name":"l7","x":557,"height":26,"width":53,"y":820},{"name":"l8","x":612,"height":26,"width":53,"y":848},{"name":"l9","x":1813,"height":26,"width":53,"y":858},{"name":"l10","x":1250,"height":26,"width":53,"y":858},{"name":"l11","x":1989,"height":26,"width":53,"y":836},{"name":"l12","x":1250,"height":26,"width":53,"y":830},{"name":"l13","x":769,"height":26,"width":53,"y":882},{"name":"l14","x":1989,"height":26,"width":53,"y":864},{"name":"b0","x":642,"height":70,"width":39,"y":388},{"name":"b1","x":804,"height":70,"width":39,"y":522},{"name":"b2","x":601,"height":70,"width":39,"y":316},{"name":"b3","x":597,"height":70,"width":39,"y":532},{"name":"b4","x":973,"height":70,"width":39,"y":709},{"name":"b5","x":1283,"height":70,"width":39,"y":758},{"name":"b6","x":638,"height":70,"width":39,"y":532},{"name":"b7","x":817,"height":70,"width":39,"y":378},{"name":"b8","x":2005,"height":70,"width":39,"y":404},{"name":"b9","x":629,"height":70,"width":39,"y":676},{"name":"b10","x":642,"height":70,"width":39,"y":244},{"name":"b11","x":1283,"height":70,"width":39,"y":614},{"name":"b12","x":601,"height":70,"width":39,"y":388},{"name":"b13","x":1813,"height":70,"width":39,"y":786},{"name":"b14","x":638,"height":70,"width":39,"y":460},{"name":"b15","x":804,"height":70,"width":39,"y":594},{"name":"b16","x":999,"height":70,"width":39,"y":205},{"name":"b17","x":638,"height":70,"width":39,"y":604},{"name":"b18","x":629,"height":70,"width":39,"y":748},{"name":"b19","x":999,"height":70,"width":39,"y":277},{"name":"b20","x":988,"height":70,"width":39,"y":493},{"name":"b21","x":1283,"height":70,"width":39,"y":686},{"name":"b22","x":953,"height":70,"width":39,"y":781},{"name":"b23","x":1299,"height":70,"width":39,"y":398},{"name":"b24","x":2001,"height":70,"width":39,"y":692},{"name":"b25","x":769,"height":70,"width":39,"y":810},{"name":"b26","x":597,"height":70,"width":39,"y":604},{"name":"b27","x":973,"height":70,"width":39,"y":637},{"name":"b28","x":1299,"height":70,"width":39,"y":470},{"name":"b29","x":2005,"height":70,"width":39,"y":548},{"name":"b30","x":2005,"height":70,"width":39,"y":476},{"name":"b31","x":800,"height":70,"width":39,"y":738},{"name":"b32","x":817,"height":70,"width":39,"y":306},{"name":"b33","x":642,"height":70,"width":39,"y":316},{"name":"b34","x":800,"height":70,"width":39,"y":666},{"name":"b35","x":601,"height":70,"width":39,"y":244},{"name":"b36","x":597,"height":70,"width":39,"y":460},{"name":"b37","x":588,"height":70,"width":39,"y":676},{"name":"b38","x":1093,"height":70,"width":39,"y":786},{"name":"b39","x":988,"height":70,"width":39,"y":421},{"name":"b40","x":2001,"height":70,"width":39,"y":764},{"name":"b41","x":988,"height":70,"width":39,"y":565},{"name":"b42","x":2001,"height":70,"width":39,"y":620},{"name":"b43","x":1299,"height":70,"width":39,"y":542},{"name":"b44","x":588,"height":70,"width":39,"y":748},{"name":"b45","x":817,"height":70,"width":39,"y":234},{"name":"d46","x":999,"height":70,"width":39,"y":349},{"name":"b47","x":804,"height":70,"width":39,"y":450},{"name":"LeBron James0","x":1040,"height":186,"width":130,"y":232},{"name":"Anthony Davis","x":841,"height":170,"width":110,"y":752},{"name":"Alex Caruso","x":1584,"height":170,"width":125,"y":598},{"name":"Steph Curry","x":994,"height":156,"width":97,"y":786},{"name":"Klay Thompsondrg","x":0,"height":194,"width":120,"y":253},{"name":"Draymond Green0","x":1474,"height":185,"width":124,"y":403},{"name":"YANNIS ADETOKUMBO","x":476,"height":181,"width":119,"y":438},{"name":"Khris Middleton","x":236,"height":187,"width":118,"y":437},{"name":"Brook Lopez","x":1029,"height":176,"width":114,"y":608},{"name":"Jayson Tatum","x":356,"height":176,"width":117,"y":439},{"name":"Kemba Walker0","x":356,"height":174,"width":114,"y":617},{"name":"Marcus Smart0","x":1463,"height":177,"width":119,"y":590},{"name":"James Edward Harden","x":1580,"height":173,"width":93,"y":770},{"name":"Russell Westbrook1","x":1776,"height":191,"width":136,"y":0},{"name":"LeonP.J","x":679,"height":170,"width":119,"y":615},{"name":"Joel Hans Embiid","x":1719,"height":177,"width":127,"y":572},{"name":"Ben Simmons","x":670,"height":155,"width":97,"y":787},{"name":"Tobias Harris","x":1340,"height":177,"width":121,"y":580},{"name":"Chris Paulawd","x":1206,"height":186,"width":132,"y":210},{"name":"Gilgeous-Alexander","x":1634,"height":192,"width":140,"y":0},{"name":"Steven Funaki Adams","x":690,"height":191,"width":125,"y":234},{"name":"R. J. Barrett","x":845,"height":175,"width":126,"y":575},{"name":"Julius Randle 02","x":858,"height":183,"width":128,"y":390},{"name":"Bobby Portis","x":476,"height":192,"width":123,"y":244},{"name":"Luka Doncic","x":122,"height":182,"width":110,"y":440},{"name":"Kristaps Porzi","x":0,"height":180,"width":119,"y":449},{"name":"Seth Curry","x":1172,"height":186,"width":125,"y":398},{"name":"Pascal Siakam","x":1365,"height":192,"width":126,"y":207},{"name":"Fredderick Edmond","x":236,"height":191,"width":124,"y":244},{"name":"Kyle Lowry","x":1040,"height":186,"width":119,"y":420},{"name":"zion williamson 32","x":1365,"height":205,"width":131,"y":0},{"name":"Jrue Holiday","x":1206,"height":208,"width":157,"y":0},{"name":"Lonzo Anderson Ball","x":1753,"height":182,"width":129,"y":388},{"name":"Jimmi Buttler","x":1324,"height":159,"width":110,"y":759},{"name":"Bam Adebayo","x":362,"height":193,"width":112,"y":244},{"name":"Tyler Herro","x":1052,"height":230,"width":152,"y":0},{"name":"Nikola Vučević","x":1884,"height":189,"width":119,"y":404},{"name":"Aaron Addison Gordon","x":1600,"height":190,"width":117,"y":406},{"name":"Evan Mehdi Fournier","x":1161,"height":178,"width":120,"y":586},{"name":"Victor Oladipo","x":1914,"height":201,"width":126,"y":0},{"name":"Domantas Sabonis","x":1498,"height":200,"width":126,"y":201},{"name":"malcolm brogdon","x":1634,"height":210,"width":117,"y":194},{"name":"JA MORANT0220","x":690,"height":232,"width":168,"y":0},{"name":"JONAS VALANCIUNASad","x":1711,"height":181,"width":100,"y":751},{"name":"JAREN JACKSON JR","x":1883,"height":155,"width":104,"y":774},{"name":"Kawhi  Leonard","x":122,"height":185,"width":112,"y":253},{"name":"Paul George01","x":121,"height":176,"width":112,"y":624},{"name":"Patrick Beverley","x":1340,"height":177,"width":132,"y":401},{"name":"Nikola Jokic4","x":472,"height":174,"width":114,"y":621},{"name":"Jamal Murray","x":1884,"height":177,"width":115,"y":595},{"name":"Will Barton","x":0,"height":171,"width":112,"y":631},{"name":"Donovan Mitchell","x":1912,"height":199,"width":120,"y":203},{"name":"JOE INGLES0","x":1145,"height":165,"width":103,"y":766},{"name":"MIKE CONLEY","x":1436,"height":160,"width":107,"y":769},{"name":"Kevin Durant012","x":235,"height":174,"width":114,"y":626},{"name":"Kyrie Irving 012","x":683,"height":186,"width":119,"y":427},{"name":"Jarrett Allen","x":860,"height":203,"width":190,"y":0},{"name":"jordan021","x":1776,"height":193,"width":134,"y":193},{"name":"pippen_01","x":1498,"height":199,"width":134,"y":0},{"name":"rodman01","x":860,"height":183,"width":137,"y":205},{"name":"hh0","x":1848,"height":29,"width":33,"y":724},{"name":"hh1","x":1848,"height":29,"width":33,"y":662},{"name":"hh2","x":1848,"height":29,"width":33,"y":755},{"name":"tears01","x":1250,"height":66,"width":97,"y":920},{"name":"tears02","x":0,"height":74,"width":101,"y":804},{"name":"tears03","x":557,"height":77,"width":93,"y":904},{"name":"tears04","x":343,"height":67,"width":98,"y":920},{"name":"tears05","x":0,"height":72,"width":100,"y":880},{"name":"dbanims/cup_01","x":114,"height":125,"width":101,"y":802},{"name":"dbanims/cup_02","x":454,"height":125,"width":101,"y":797},{"name":"dbanims/cup_03","x":351,"height":125,"width":101,"y":793},{"name":".Game/ball/BallClip","x":217,"height":102,"width":102,"y":802},{"name":"h00","x":1848,"height":28,"width":34,"y":602},{"name":"h0","x":1813,"height":29,"width":33,"y":751},{"name":".Game/wind0","x":0,"height":251,"width":234,"y":0},{"name":".Game/wind1","x":236,"height":242,"width":239,"y":0},{"name":".Game/wind2","x":477,"height":242,"width":211,"y":0},{"name":"dbanims/kuynya_01","x":217,"height":63,"width":124,"y":906},{"name":"h01","x":1848,"height":28,"width":34,"y":572},{"name":"h02","x":1848,"height":28,"width":34,"y":632},{"name":"h1","x":1848,"height":29,"width":33,"y":693},{"name":"h2","x":1545,"height":29,"width":33,"y":769}],"imagePath":"texture.png"}