{"name":"Pers_3","SubTexture":[{"name":".Game/ball/BallClip","x":880,"height":50,"width":50,"y":466},{"name":"dbanims/kuynya_01","x":763,"height":30,"width":60,"y":467},{"name":"dbanims/circles1","x":671,"height":40,"width":83,"y":475},{"name":"dbanims/circle2","x":408,"height":34,"width":93,"y":474},{"name":"dbanims/circle3","x":577,"height":37,"width":92,"y":469},{"name":"dbanims/star_0123","x":1008,"height":11,"width":12,"y":0},{"name":"l0","x":983,"height":13,"width":26,"y":450},{"name":"l1","x":955,"height":13,"width":26,"y":465},{"name":"l2","x":479,"height":13,"width":26,"y":452},{"name":"l3","x":479,"height":13,"width":26,"y":407},{"name":"l4","x":955,"height":13,"width":26,"y":420},{"name":"l5","x":735,"height":13,"width":26,"y":458},{"name":"l6","x":735,"height":13,"width":26,"y":443},{"name":"l7","x":479,"height":13,"width":26,"y":437},{"name":"l8","x":983,"height":13,"width":26,"y":465},{"name":"l9","x":955,"height":13,"width":26,"y":450},{"name":"l10","x":735,"height":13,"width":26,"y":428},{"name":"l11","x":983,"height":13,"width":26,"y":420},{"name":"l12","x":479,"height":13,"width":26,"y":422},{"name":"l13","x":955,"height":13,"width":26,"y":435},{"name":"l14","x":983,"height":13,"width":26,"y":435},{"name":"h00","x":510,"height":14,"width":17,"y":171},{"name":"h01","x":510,"height":14,"width":17,"y":155},{"name":"h02","x":510,"height":14,"width":17,"y":187},{"name":"b0","x":1002,"height":34,"width":19,"y":312},{"name":"b1","x":588,"height":34,"width":19,"y":222},{"name":"b2","x":668,"height":34,"width":19,"y":352},{"name":"b3","x":679,"height":34,"width":19,"y":100},{"name":"b4","x":955,"height":34,"width":19,"y":379},{"name":"b5","x":483,"height":34,"width":19,"y":299},{"name":"b6","x":577,"height":34,"width":19,"y":402},{"name":"b7","x":671,"height":34,"width":19,"y":280},{"name":"b8","x":588,"height":34,"width":19,"y":150},{"name":"b9","x":679,"height":34,"width":19,"y":172},{"name":"b10","x":659,"height":34,"width":19,"y":388},{"name":"b11","x":504,"height":34,"width":19,"y":335},{"name":"b12","x":489,"height":34,"width":19,"y":227},{"name":"b13","x":735,"height":34,"width":19,"y":392},{"name":"b14","x":504,"height":34,"width":19,"y":371},{"name":"b15","x":984,"height":34,"width":19,"y":204},{"name":"b16","x":588,"height":34,"width":19,"y":186},{"name":"b17","x":588,"height":34,"width":19,"y":114},{"name":"b18","x":751,"height":34,"width":19,"y":320},{"name":"b19","x":588,"height":34,"width":19,"y":294},{"name":"b20","x":588,"height":34,"width":19,"y":258},{"name":"b21","x":483,"height":34,"width":19,"y":371},{"name":"b22","x":581,"height":34,"width":19,"y":330},{"name":"b23","x":984,"height":34,"width":19,"y":240},{"name":"b24","x":991,"height":34,"width":19,"y":168},{"name":"b25","x":981,"height":34,"width":19,"y":348},{"name":"b26","x":581,"height":34,"width":19,"y":366},{"name":"b27","x":751,"height":34,"width":19,"y":356},{"name":"b28","x":981,"height":34,"width":19,"y":312},{"name":"b29","x":991,"height":34,"width":19,"y":132},{"name":"b30","x":489,"height":34,"width":19,"y":263},{"name":"b31","x":483,"height":34,"width":19,"y":335},{"name":"b32","x":991,"height":34,"width":19,"y":96},{"name":"b33","x":984,"height":34,"width":19,"y":276},{"name":"b34","x":489,"height":34,"width":19,"y":191},{"name":"b35","x":671,"height":34,"width":19,"y":244},{"name":"b36","x":756,"height":34,"width":19,"y":212},{"name":"b37","x":1002,"height":34,"width":19,"y":348},{"name":"b38","x":504,"height":34,"width":19,"y":299},{"name":"b39","x":489,"height":34,"width":19,"y":155},{"name":"b40","x":489,"height":34,"width":19,"y":119},{"name":"b41","x":976,"height":34,"width":19,"y":384},{"name":"b42","x":671,"height":34,"width":19,"y":208},{"name":"b43","x":756,"height":34,"width":19,"y":284},{"name":"b44","x":997,"height":34,"width":19,"y":384},{"name":"b45","x":668,"height":34,"width":19,"y":316},{"name":"d46","x":679,"height":34,"width":19,"y":136},{"name":"b47","x":756,"height":34,"width":19,"y":248},{"name":"LeBron James0","x":60,"height":90,"width":63,"y":173},{"name":"Anthony Davis","x":680,"height":82,"width":53,"y":391},{"name":"Alex Caruso","x":119,"height":82,"width":60,"y":356},{"name":"Steph Curry","x":255,"height":76,"width":47,"y":212},{"name":"Klay Thompsondrg","x":781,"height":94,"width":58,"y":197},{"name":"Draymond Green0","x":187,"height":89,"width":60,"y":218},{"name":"YANNIS ADETOKUMBO","x":692,"height":87,"width":57,"y":302},{"name":"Khris Middleton","x":609,"height":91,"width":57,"y":290},{"name":"Brook Lopez","x":898,"height":85,"width":55,"y":379},{"name":"Jayson Tatum","x":364,"height":85,"width":57,"y":324},{"name":"Kemba Walker0","x":772,"height":84,"width":55,"y":381},{"name":"Marcus Smart0","x":183,"height":86,"width":57,"y":309},{"name":"James Edward Harden","x":376,"height":84,"width":45,"y":119},{"name":"Russell Westbrook1","x":781,"height":92,"width":66,"y":103},{"name":"LeonP.J","x":838,"height":82,"width":58,"y":379},{"name":"Joel Hans Embiid","x":119,"height":86,"width":62,"y":268},{"name":"Ben Simmons","x":118,"height":75,"width":47,"y":440},{"name":"Tobias Harris","x":777,"height":86,"width":59,"y":293},{"name":"Chris Paulawd","x":423,"height":90,"width":64,"y":119},{"name":"Gilgeous-Alexander","x":924,"height":93,"width":68,"y":0},{"name":"Steven Funaki Adams","x":922,"height":92,"width":60,"y":193},{"name":"R. J. Barrett","x":841,"height":85,"width":61,"y":292},{"name":"Julius Randle 02","x":305,"height":89,"width":62,"y":210},{"name":"Bobby Portis","x":125,"height":93,"width":60,"y":173},{"name":"Luka Doncic","x":0,"height":88,"width":53,"y":363},{"name":"Kristaps Porzi","x":305,"height":87,"width":57,"y":301},{"name":"Seth Curry","x":859,"height":90,"width":60,"y":200},{"name":"Pascal Siakam","x":192,"height":93,"width":61,"y":123},{"name":"Fredderick Edmond","x":609,"height":92,"width":60,"y":196},{"name":"Kyle Lowry","x":0,"height":90,"width":58,"y":271},{"name":"zion williamson 32","x":859,"height":99,"width":63,"y":0},{"name":"Jrue Holiday","x":781,"height":101,"width":76,"y":0},{"name":"Lonzo Anderson Ball","x":692,"height":88,"width":62,"y":212},{"name":"Jimmi Buttler","x":181,"height":77,"width":53,"y":397},{"name":"Bam Adebayo","x":249,"height":94,"width":54,"y":290},{"name":"Tyler Herro","x":706,"height":111,"width":73,"y":0},{"name":"Nikola Vučević","x":528,"height":92,"width":58,"y":217},{"name":"Aaron Addison Gordon","x":60,"height":92,"width":57,"y":265},{"name":"Evan Mehdi Fournier","x":423,"height":86,"width":58,"y":299},{"name":"Victor Oladipo","x":859,"height":97,"width":61,"y":101},{"name":"Domantas Sabonis","x":700,"height":97,"width":61,"y":113},{"name":"malcolm brogdon","x":529,"height":101,"width":57,"y":114},{"name":"JA MORANT0220","x":529,"height":112,"width":81,"y":0},{"name":"JONAS VALANCIUNASad","x":255,"height":87,"width":48,"y":123},{"name":"JAREN JACKSON JR","x":355,"height":75,"width":51,"y":411},{"name":"Kawhi  Leonard","x":525,"height":89,"width":54,"y":311},{"name":"Paul George01","x":423,"height":85,"width":54,"y":387},{"name":"Patrick Beverley","x":423,"height":86,"width":64,"y":211},{"name":"Nikola Jokic4","x":602,"height":84,"width":55,"y":383},{"name":"Jamal Murray","x":60,"height":86,"width":56,"y":359},{"name":"Will Barton","x":299,"height":83,"width":54,"y":390},{"name":"Donovan Mitchell","x":0,"height":96,"width":58,"y":173},{"name":"JOE INGLES0","x":525,"height":80,"width":50,"y":402},{"name":"MIKE CONLEY","x":369,"height":78,"width":52,"y":244},{"name":"Kevin Durant012","x":242,"height":84,"width":55,"y":386},{"name":"Kyrie Irving 012","x":921,"height":90,"width":58,"y":287},{"name":"Jarrett Allen","x":612,"height":98,"width":92,"y":0},{"name":"jordan021","x":612,"height":94,"width":65,"y":100},{"name":"pippen_01","x":924,"height":96,"width":65,"y":95},{"name":"rodman01","x":307,"height":89,"width":67,"y":119},{"name":"h0","x":763,"height":14,"width":16,"y":159},{"name":"h1","x":763,"height":14,"width":16,"y":143},{"name":"h2","x":841,"height":14,"width":16,"y":197},{"name":"hh0","x":763,"height":14,"width":16,"y":175},{"name":"hh1","x":510,"height":14,"width":16,"y":203},{"name":"hh2","x":763,"height":14,"width":16,"y":191},{"name":"wind0","x":192,"height":121,"width":113,"y":0},{"name":"wind1","x":307,"height":117,"width":116,"y":0},{"name":"wind2","x":425,"height":117,"width":102,"y":0},{"name":"dbanims/eye34635","x":510,"height":16,"width":16,"y":137},{"name":"dbanims/eye23434","x":510,"height":16,"width":17,"y":119},{"name":"tears01","x":51,"height":32,"width":47,"y":510},{"name":"tears02","x":236,"height":36,"width":49,"y":472},{"name":"tears03","x":376,"height":37,"width":45,"y":205},{"name":"tears04","x":932,"height":32,"width":48,"y":480},{"name":"tears05","x":287,"height":35,"width":48,"y":475},{"name":"dbanims/cup_01","x":0,"height":61,"width":49,"y":453},{"name":"dbanims/cup_02","x":55,"height":61,"width":49,"y":447},{"name":"dbanims/cup_03","x":829,"height":61,"width":49,"y":463},{"name":"fx_Blur_mol0","x":327,"height":21,"width":52,"y":519},{"name":"fx_Blur_mol1","x":100,"height":20,"width":55,"y":517},{"name":"fx_Blur_mol2","x":503,"height":25,"width":57,"y":484},{"name":"fx_Blur_mol3","x":220,"height":24,"width":53,"y":510},{"name":"fx_Blur_mol4","x":167,"height":23,"width":59,"y":476},{"name":"fx_fire_0","x":0,"height":26,"width":49,"y":516},{"name":"fx_fire_1","x":275,"height":27,"width":50,"y":512},{"name":"fx_fire_2","x":167,"height":28,"width":51,"y":501},{"name":"fx_fire_3","x":756,"height":26,"width":53,"y":499},{"name":"fx_fire_4","x":337,"height":29,"width":53,"y":488},{"name":"gsgbfyjgkh","x":0,"height":171,"width":190,"y":0},{"name":"fx_smoke_0","x":932,"height":30,"width":83,"y":514},{"name":"fx_smoke_1","x":651,"height":30,"width":82,"y":517},{"name":"fx_smoke_2","x":562,"height":23,"width":76,"y":539},{"name":"fx_smoke_3","x":562,"height":29,"width":87,"y":508},{"name":"fx_smoke_4","x":392,"height":28,"width":86,"y":510},{"name":"fx_smoke_5","x":811,"height":29,"width":82,"y":526},{"name":"fx_smoke_6","x":480,"height":28,"width":80,"y":511},{"name":"fx_smoke_7","x":157,"height":27,"width":76,"y":536},{"name":"part1","x":1008,"height":3,"width":3,"y":13},{"name":"fx_spl_0","x":994,"height":94,"width":12,"y":0},{"name":"fx_spl2_0","x":763,"height":28,"width":16,"y":113}],"imagePath":"texture2.png"}