{
	"textures": [
		{
			"image": "keyboard_controls.png",
			"format": "RGBA8888",
			"size": {
				"w": 1014,
				"h": 226
			},
			"scale": 1,
			"frames": [
				{
					"filename": "keyboard",
					"rotated": false,
					"trimmed": false,
					"sourceSize": {
						"w": 336,
						"h": 224
					},
					"spriteSourceSize": {
						"x": 0,
						"y": 0,
						"w": 336,
						"h": 224
					},
					"frame": {
						"x": 1,
						"y": 1,
						"w": 336,
						"h": 224
					}
				},
				{
					"filename": "keyboard_left",
					"rotated": false,
					"trimmed": false,
					"sourceSize": {
						"w": 336,
						"h": 224
					},
					"spriteSourceSize": {
						"x": 0,
						"y": 0,
						"w": 336,
						"h": 224
					},
					"frame": {
						"x": 339,
						"y": 1,
						"w": 336,
						"h": 224
					}
				},
				{
					"filename": "keyboard_right",
					"rotated": false,
					"trimmed": false,
					"sourceSize": {
						"w": 336,
						"h": 224
					},
					"spriteSourceSize": {
						"x": 0,
						"y": 0,
						"w": 336,
						"h": 224
					},
					"frame": {
						"x": 677,
						"y": 1,
						"w": 336,
						"h": 224
					}
				}
			]
		}
	],
	"meta": {
		"app": "https://www.codeandweb.com/texturepacker",
		"version": "3.0",
		"smartupdate": "$TexturePacker:SmartUpdate:15547b03b4dc8e0c0fa514ace4ac0b9d:aa9cf7a6da1ebdc597d4f3dd19aea203:185c8f8d2862c044d89c70358e606811$"
	}
}
